,frame_num,player_1_number_of_hits,player_1_total_hit_speed,player_1_last_hit_speed,player_1_total_player_speed,player_1_last_player_speed,player_2_number_of_hits,player_2_total_hit_speed,player_2_last_hit_speed,player_2_total_player_speed,player_2_last_player_speed,player_1_average_hit_speed,player_2_average_hit_speed,player_1_average_player_speed,player_2_average_player_speed
0,0,0.0,0.0,0.0,0.0,0.0,0.0,0.0,0.0,0.0,0.0,,,,
1,1,0.0,0.0,0.0,0.0,0.0,0.0,0.0,0.0,0.0,0.0,,,,
2,2,0.0,0.0,0.0,0.0,0.0,0.0,0.0,0.0,0.0,0.0,,,,
3,3,0.0,0.0,0.0,0.0,0.0,0.0,0.0,0.0,0.0,0.0,,,,
4,4,0.0,0.0,0.0,0.0,0.0,0.0,0.0,0.0,0.0,0.0,,,,
5,5,0.0,0.0,0.0,0.0,0.0,0.0,0.0,0.0,0.0,0.0,,,,
6,6,0.0,0.0,0.0,0.0,0.0,0.0,0.0,0.0,0.0,0.0,,,,
7,7,0.0,0.0,0.0,0.0,0.0,0.0,0.0,0.0,0.0,0.0,,,,
8,8,0.0,0.0,0.0,0.0,0.0,0.0,0.0,0.0,0.0,0.0,,,,
9,9,0.0,0.0,0.0,0.0,0.0,0.0,0.0,0.0,0.0,0.0,,,,
10,10,0.0,0.0,0.0,0.0,0.0,0.0,0.0,0.0,0.0,0.0,,,,
11,11,0.0,0.0,0.0,0.0,0.0,1.0,20.358544283930488,20.358544283930488,3.789971318274356,3.789971318274356,,inf,,3.789971318274356
12,12,0.0,0.0,0.0,0.0,0.0,1.0,20.358544283930488,20.358544283930488,3.789971318274356,3.789971318274356,,inf,,3.789971318274356
13,13,0.0,0.0,0.0,0.0,0.0,1.0,20.358544283930488,20.358544283930488,3.789971318274356,3.789971318274356,,inf,,3.789971318274356
14,14,0.0,0.0,0.0,0.0,0.0,1.0,20.358544283930488,20.358544283930488,3.789971318274356,3.789971318274356,,inf,,3.789971318274356
15,15,0.0,0.0,0.0,0.0,0.0,1.0,20.358544283930488,20.358544283930488,3.789971318274356,3.789971318274356,,inf,,3.789971318274356
16,16,0.0,0.0,0.0,0.0,0.0,1.0,20.358544283930488,20.358544283930488,3.789971318274356,3.789971318274356,,inf,,3.789971318274356
17,17,0.0,0.0,0.0,0.0,0.0,1.0,20.358544283930488,20.358544283930488,3.789971318274356,3.789971318274356,,inf,,3.789971318274356
18,18,0.0,0.0,0.0,0.0,0.0,1.0,20.358544283930488,20.358544283930488,3.789971318274356,3.789971318274356,,inf,,3.789971318274356
19,19,0.0,0.0,0.0,0.0,0.0,1.0,20.358544283930488,20.358544283930488,3.789971318274356,3.789971318274356,,inf,,3.789971318274356
20,20,0.0,0.0,0.0,0.0,0.0,1.0,20.358544283930488,20.358544283930488,3.789971318274356,3.789971318274356,,inf,,3.789971318274356
21,21,0.0,0.0,0.0,0.0,0.0,1.0,20.358544283930488,20.358544283930488,3.789971318274356,3.789971318274356,,inf,,3.789971318274356
22,22,0.0,0.0,0.0,0.0,0.0,1.0,20.358544283930488,20.358544283930488,3.789971318274356,3.789971318274356,,inf,,3.789971318274356
23,23,0.0,0.0,0.0,0.0,0.0,1.0,20.358544283930488,20.358544283930488,3.789971318274356,3.789971318274356,,inf,,3.789971318274356
24,24,0.0,0.0,0.0,0.0,0.0,1.0,20.358544283930488,20.358544283930488,3.789971318274356,3.789971318274356,,inf,,3.789971318274356
25,25,0.0,0.0,0.0,0.0,0.0,1.0,20.358544283930488,20.358544283930488,3.789971318274356,3.789971318274356,,inf,,3.789971318274356
26,26,0.0,0.0,0.0,0.0,0.0,1.0,20.358544283930488,20.358544283930488,3.789971318274356,3.789971318274356,,inf,,3.789971318274356
27,27,0.0,0.0,0.0,0.0,0.0,1.0,20.358544283930488,20.358544283930488,3.789971318274356,3.789971318274356,,inf,,3.789971318274356
28,28,0.0,0.0,0.0,0.0,0.0,1.0,20.358544283930488,20.358544283930488,3.789971318274356,3.789971318274356,,inf,,3.789971318274356
29,29,0.0,0.0,0.0,0.0,0.0,1.0,20.358544283930488,20.358544283930488,3.789971318274356,3.789971318274356,,inf,,3.789971318274356
30,30,0.0,0.0,0.0,0.0,0.0,1.0,20.358544283930488,20.358544283930488,3.789971318274356,3.789971318274356,,inf,,3.789971318274356
31,31,0.0,0.0,0.0,0.0,0.0,1.0,20.358544283930488,20.358544283930488,3.789971318274356,3.789971318274356,,inf,,3.789971318274356
32,32,0.0,0.0,0.0,0.0,0.0,1.0,20.358544283930488,20.358544283930488,3.789971318274356,3.789971318274356,,inf,,3.789971318274356
33,33,0.0,0.0,0.0,0.0,0.0,1.0,20.358544283930488,20.358544283930488,3.789971318274356,3.789971318274356,,inf,,3.789971318274356
34,34,0.0,0.0,0.0,0.0,0.0,1.0,20.358544283930488,20.358544283930488,3.789971318274356,3.789971318274356,,inf,,3.789971318274356
35,35,0.0,0.0,0.0,0.0,0.0,1.0,20.358544283930488,20.358544283930488,3.789971318274356,3.789971318274356,,inf,,3.789971318274356
36,36,0.0,0.0,0.0,0.0,0.0,1.0,20.358544283930488,20.358544283930488,3.789971318274356,3.789971318274356,,inf,,3.789971318274356
37,37,0.0,0.0,0.0,0.0,0.0,1.0,20.358544283930488,20.358544283930488,3.789971318274356,3.789971318274356,,inf,,3.789971318274356
38,38,0.0,0.0,0.0,0.0,0.0,1.0,20.358544283930488,20.358544283930488,3.789971318274356,3.789971318274356,,inf,,3.789971318274356
39,39,0.0,0.0,0.0,0.0,0.0,1.0,20.358544283930488,20.358544283930488,3.789971318274356,3.789971318274356,,inf,,3.789971318274356
40,40,0.0,0.0,0.0,0.0,0.0,1.0,20.358544283930488,20.358544283930488,3.789971318274356,3.789971318274356,,inf,,3.789971318274356
41,41,0.0,0.0,0.0,0.0,0.0,1.0,20.358544283930488,20.358544283930488,3.789971318274356,3.789971318274356,,inf,,3.789971318274356
42,42,0.0,0.0,0.0,0.0,0.0,1.0,20.358544283930488,20.358544283930488,3.789971318274356,3.789971318274356,,inf,,3.789971318274356
43,43,0.0,0.0,0.0,0.0,0.0,1.0,20.358544283930488,20.358544283930488,3.789971318274356,3.789971318274356,,inf,,3.789971318274356
44,44,0.0,0.0,0.0,0.0,0.0,1.0,20.358544283930488,20.358544283930488,3.789971318274356,3.789971318274356,,inf,,3.789971318274356
45,45,0.0,0.0,0.0,0.0,0.0,1.0,20.358544283930488,20.358544283930488,3.789971318274356,3.789971318274356,,inf,,3.789971318274356
46,46,0.0,0.0,0.0,0.0,0.0,1.0,20.358544283930488,20.358544283930488,3.789971318274356,3.789971318274356,,inf,,3.789971318274356
47,47,0.0,0.0,0.0,0.0,0.0,1.0,20.358544283930488,20.358544283930488,3.789971318274356,3.789971318274356,,inf,,3.789971318274356
48,48,0.0,0.0,0.0,0.0,0.0,1.0,20.358544283930488,20.358544283930488,3.789971318274356,3.789971318274356,,inf,,3.789971318274356
49,49,0.0,0.0,0.0,0.0,0.0,1.0,20.358544283930488,20.358544283930488,3.789971318274356,3.789971318274356,,inf,,3.789971318274356
50,50,0.0,0.0,0.0,0.0,0.0,1.0,20.358544283930488,20.358544283930488,3.789971318274356,3.789971318274356,,inf,,3.789971318274356
51,51,0.0,0.0,0.0,0.0,0.0,1.0,20.358544283930488,20.358544283930488,3.789971318274356,3.789971318274356,,inf,,3.789971318274356
52,52,0.0,0.0,0.0,0.0,0.0,1.0,20.358544283930488,20.358544283930488,3.789971318274356,3.789971318274356,,inf,,3.789971318274356
53,53,0.0,0.0,0.0,0.0,0.0,1.0,20.358544283930488,20.358544283930488,3.789971318274356,3.789971318274356,,inf,,3.789971318274356
54,54,0.0,0.0,0.0,0.0,0.0,1.0,20.358544283930488,20.358544283930488,3.789971318274356,3.789971318274356,,inf,,3.789971318274356
55,55,0.0,0.0,0.0,0.0,0.0,1.0,20.358544283930488,20.358544283930488,3.789971318274356,3.789971318274356,,inf,,3.789971318274356
56,56,0.0,0.0,0.0,0.0,0.0,1.0,20.358544283930488,20.358544283930488,3.789971318274356,3.789971318274356,,inf,,3.789971318274356
57,57,0.0,0.0,0.0,0.0,0.0,1.0,20.358544283930488,20.358544283930488,3.789971318274356,3.789971318274356,,inf,,3.789971318274356
58,58,1.0,5.879020464576923,5.879020464576923,0.21957081564838063,0.21957081564838063,1.0,20.358544283930488,20.358544283930488,3.789971318274356,3.789971318274356,5.879020464576923,20.358544283930488,0.21957081564838063,3.789971318274356
59,59,1.0,5.879020464576923,5.879020464576923,0.21957081564838063,0.21957081564838063,1.0,20.358544283930488,20.358544283930488,3.789971318274356,3.789971318274356,5.879020464576923,20.358544283930488,0.21957081564838063,3.789971318274356
60,60,1.0,5.879020464576923,5.879020464576923,0.21957081564838063,0.21957081564838063,1.0,20.358544283930488,20.358544283930488,3.789971318274356,3.789971318274356,5.879020464576923,20.358544283930488,0.21957081564838063,3.789971318274356
61,61,1.0,5.879020464576923,5.879020464576923,0.21957081564838063,0.21957081564838063,1.0,20.358544283930488,20.358544283930488,3.789971318274356,3.789971318274356,5.879020464576923,20.358544283930488,0.21957081564838063,3.789971318274356
62,62,1.0,5.879020464576923,5.879020464576923,0.21957081564838063,0.21957081564838063,1.0,20.358544283930488,20.358544283930488,3.789971318274356,3.789971318274356,5.879020464576923,20.358544283930488,0.21957081564838063,3.789971318274356
63,63,1.0,5.879020464576923,5.879020464576923,0.21957081564838063,0.21957081564838063,1.0,20.358544283930488,20.358544283930488,3.789971318274356,3.789971318274356,5.879020464576923,20.358544283930488,0.21957081564838063,3.789971318274356
64,64,1.0,5.879020464576923,5.879020464576923,0.21957081564838063,0.21957081564838063,1.0,20.358544283930488,20.358544283930488,3.789971318274356,3.789971318274356,5.879020464576923,20.358544283930488,0.21957081564838063,3.789971318274356
65,65,1.0,5.879020464576923,5.879020464576923,0.21957081564838063,0.21957081564838063,1.0,20.358544283930488,20.358544283930488,3.789971318274356,3.789971318274356,5.879020464576923,20.358544283930488,0.21957081564838063,3.789971318274356
66,66,1.0,5.879020464576923,5.879020464576923,0.21957081564838063,0.21957081564838063,1.0,20.358544283930488,20.358544283930488,3.789971318274356,3.789971318274356,5.879020464576923,20.358544283930488,0.21957081564838063,3.789971318274356
67,67,1.0,5.879020464576923,5.879020464576923,0.21957081564838063,0.21957081564838063,1.0,20.358544283930488,20.358544283930488,3.789971318274356,3.789971318274356,5.879020464576923,20.358544283930488,0.21957081564838063,3.789971318274356
68,68,1.0,5.879020464576923,5.879020464576923,0.21957081564838063,0.21957081564838063,1.0,20.358544283930488,20.358544283930488,3.789971318274356,3.789971318274356,5.879020464576923,20.358544283930488,0.21957081564838063,3.789971318274356
69,69,1.0,5.879020464576923,5.879020464576923,0.21957081564838063,0.21957081564838063,1.0,20.358544283930488,20.358544283930488,3.789971318274356,3.789971318274356,5.879020464576923,20.358544283930488,0.21957081564838063,3.789971318274356
70,70,1.0,5.879020464576923,5.879020464576923,0.21957081564838063,0.21957081564838063,1.0,20.358544283930488,20.358544283930488,3.789971318274356,3.789971318274356,5.879020464576923,20.358544283930488,0.21957081564838063,3.789971318274356
71,71,1.0,5.879020464576923,5.879020464576923,0.21957081564838063,0.21957081564838063,1.0,20.358544283930488,20.358544283930488,3.789971318274356,3.789971318274356,5.879020464576923,20.358544283930488,0.21957081564838063,3.789971318274356
72,72,1.0,5.879020464576923,5.879020464576923,0.21957081564838063,0.21957081564838063,1.0,20.358544283930488,20.358544283930488,3.789971318274356,3.789971318274356,5.879020464576923,20.358544283930488,0.21957081564838063,3.789971318274356
73,73,1.0,5.879020464576923,5.879020464576923,0.21957081564838063,0.21957081564838063,1.0,20.358544283930488,20.358544283930488,3.789971318274356,3.789971318274356,5.879020464576923,20.358544283930488,0.21957081564838063,3.789971318274356
74,74,1.0,5.879020464576923,5.879020464576923,0.21957081564838063,0.21957081564838063,1.0,20.358544283930488,20.358544283930488,3.789971318274356,3.789971318274356,5.879020464576923,20.358544283930488,0.21957081564838063,3.789971318274356
75,75,1.0,5.879020464576923,5.879020464576923,0.21957081564838063,0.21957081564838063,1.0,20.358544283930488,20.358544283930488,3.789971318274356,3.789971318274356,5.879020464576923,20.358544283930488,0.21957081564838063,3.789971318274356
76,76,1.0,5.879020464576923,5.879020464576923,0.21957081564838063,0.21957081564838063,1.0,20.358544283930488,20.358544283930488,3.789971318274356,3.789971318274356,5.879020464576923,20.358544283930488,0.21957081564838063,3.789971318274356
77,77,1.0,5.879020464576923,5.879020464576923,0.21957081564838063,0.21957081564838063,1.0,20.358544283930488,20.358544283930488,3.789971318274356,3.789971318274356,5.879020464576923,20.358544283930488,0.21957081564838063,3.789971318274356
78,78,1.0,5.879020464576923,5.879020464576923,0.21957081564838063,0.21957081564838063,1.0,20.358544283930488,20.358544283930488,3.789971318274356,3.789971318274356,5.879020464576923,20.358544283930488,0.21957081564838063,3.789971318274356
79,79,1.0,5.879020464576923,5.879020464576923,0.21957081564838063,0.21957081564838063,1.0,20.358544283930488,20.358544283930488,3.789971318274356,3.789971318274356,5.879020464576923,20.358544283930488,0.21957081564838063,3.789971318274356
80,80,1.0,5.879020464576923,5.879020464576923,0.21957081564838063,0.21957081564838063,1.0,20.358544283930488,20.358544283930488,3.789971318274356,3.789971318274356,5.879020464576923,20.358544283930488,0.21957081564838063,3.789971318274356
81,81,1.0,5.879020464576923,5.879020464576923,0.21957081564838063,0.21957081564838063,1.0,20.358544283930488,20.358544283930488,3.789971318274356,3.789971318274356,5.879020464576923,20.358544283930488,0.21957081564838063,3.789971318274356
82,82,1.0,5.879020464576923,5.879020464576923,0.21957081564838063,0.21957081564838063,1.0,20.358544283930488,20.358544283930488,3.789971318274356,3.789971318274356,5.879020464576923,20.358544283930488,0.21957081564838063,3.789971318274356
83,83,1.0,5.879020464576923,5.879020464576923,0.21957081564838063,0.21957081564838063,1.0,20.358544283930488,20.358544283930488,3.789971318274356,3.789971318274356,5.879020464576923,20.358544283930488,0.21957081564838063,3.789971318274356
84,84,1.0,5.879020464576923,5.879020464576923,0.21957081564838063,0.21957081564838063,1.0,20.358544283930488,20.358544283930488,3.789971318274356,3.789971318274356,5.879020464576923,20.358544283930488,0.21957081564838063,3.789971318274356
85,85,1.0,5.879020464576923,5.879020464576923,0.21957081564838063,0.21957081564838063,1.0,20.358544283930488,20.358544283930488,3.789971318274356,3.789971318274356,5.879020464576923,20.358544283930488,0.21957081564838063,3.789971318274356
86,86,1.0,5.879020464576923,5.879020464576923,0.21957081564838063,0.21957081564838063,1.0,20.358544283930488,20.358544283930488,3.789971318274356,3.789971318274356,5.879020464576923,20.358544283930488,0.21957081564838063,3.789971318274356
87,87,1.0,5.879020464576923,5.879020464576923,0.21957081564838063,0.21957081564838063,1.0,20.358544283930488,20.358544283930488,3.789971318274356,3.789971318274356,5.879020464576923,20.358544283930488,0.21957081564838063,3.789971318274356
88,88,1.0,5.879020464576923,5.879020464576923,0.21957081564838063,0.21957081564838063,1.0,20.358544283930488,20.358544283930488,3.789971318274356,3.789971318274356,5.879020464576923,20.358544283930488,0.21957081564838063,3.789971318274356
89,89,1.0,5.879020464576923,5.879020464576923,0.21957081564838063,0.21957081564838063,1.0,20.358544283930488,20.358544283930488,3.789971318274356,3.789971318274356,5.879020464576923,20.358544283930488,0.21957081564838063,3.789971318274356
90,90,1.0,5.879020464576923,5.879020464576923,0.21957081564838063,0.21957081564838063,1.0,20.358544283930488,20.358544283930488,3.789971318274356,3.789971318274356,5.879020464576923,20.358544283930488,0.21957081564838063,3.789971318274356
91,91,1.0,5.879020464576923,5.879020464576923,0.21957081564838063,0.21957081564838063,1.0,20.358544283930488,20.358544283930488,3.789971318274356,3.789971318274356,5.879020464576923,20.358544283930488,0.21957081564838063,3.789971318274356
92,92,1.0,5.879020464576923,5.879020464576923,0.21957081564838063,0.21957081564838063,1.0,20.358544283930488,20.358544283930488,3.789971318274356,3.789971318274356,5.879020464576923,20.358544283930488,0.21957081564838063,3.789971318274356
93,93,1.0,5.879020464576923,5.879020464576923,0.21957081564838063,0.21957081564838063,1.0,20.358544283930488,20.358544283930488,3.789971318274356,3.789971318274356,5.879020464576923,20.358544283930488,0.21957081564838063,3.789971318274356
94,94,1.0,5.879020464576923,5.879020464576923,0.21957081564838063,0.21957081564838063,1.0,20.358544283930488,20.358544283930488,3.789971318274356,3.789971318274356,5.879020464576923,20.358544283930488,0.21957081564838063,3.789971318274356
95,95,2.0,7.256202809851122,1.377182345274199,9.151772766950764,8.932201951302384,1.0,20.358544283930488,20.358544283930488,3.789971318274356,3.789971318274356,3.628101404925561,10.179272141965244,4.575886383475382,3.789971318274356
96,96,2.0,7.256202809851122,1.377182345274199,9.151772766950764,8.932201951302384,1.0,20.358544283930488,20.358544283930488,3.789971318274356,3.789971318274356,3.628101404925561,10.179272141965244,4.575886383475382,3.789971318274356
97,97,2.0,7.256202809851122,1.377182345274199,9.151772766950764,8.932201951302384,1.0,20.358544283930488,20.358544283930488,3.789971318274356,3.789971318274356,3.628101404925561,10.179272141965244,4.575886383475382,3.789971318274356
98,98,2.0,7.256202809851122,1.377182345274199,9.151772766950764,8.932201951302384,1.0,20.358544283930488,20.358544283930488,3.789971318274356,3.789971318274356,3.628101404925561,10.179272141965244,4.575886383475382,3.789971318274356
99,99,2.0,7.256202809851122,1.377182345274199,9.151772766950764,8.932201951302384,1.0,20.358544283930488,20.358544283930488,3.789971318274356,3.789971318274356,3.628101404925561,10.179272141965244,4.575886383475382,3.789971318274356
100,100,2.0,7.256202809851122,1.377182345274199,9.151772766950764,8.932201951302384,1.0,20.358544283930488,20.358544283930488,3.789971318274356,3.789971318274356,3.628101404925561,10.179272141965244,4.575886383475382,3.789971318274356
101,101,2.0,7.256202809851122,1.377182345274199,9.151772766950764,8.932201951302384,1.0,20.358544283930488,20.358544283930488,3.789971318274356,3.789971318274356,3.628101404925561,10.179272141965244,4.575886383475382,3.789971318274356
102,102,2.0,7.256202809851122,1.377182345274199,9.151772766950764,8.932201951302384,1.0,20.358544283930488,20.358544283930488,3.789971318274356,3.789971318274356,3.628101404925561,10.179272141965244,4.575886383475382,3.789971318274356
103,103,2.0,7.256202809851122,1.377182345274199,9.151772766950764,8.932201951302384,1.0,20.358544283930488,20.358544283930488,3.789971318274356,3.789971318274356,3.628101404925561,10.179272141965244,4.575886383475382,3.789971318274356
104,104,2.0,7.256202809851122,1.377182345274199,9.151772766950764,8.932201951302384,1.0,20.358544283930488,20.358544283930488,3.789971318274356,3.789971318274356,3.628101404925561,10.179272141965244,4.575886383475382,3.789971318274356
105,105,2.0,7.256202809851122,1.377182345274199,9.151772766950764,8.932201951302384,1.0,20.358544283930488,20.358544283930488,3.789971318274356,3.789971318274356,3.628101404925561,10.179272141965244,4.575886383475382,3.789971318274356
106,106,2.0,7.256202809851122,1.377182345274199,9.151772766950764,8.932201951302384,1.0,20.358544283930488,20.358544283930488,3.789971318274356,3.789971318274356,3.628101404925561,10.179272141965244,4.575886383475382,3.789971318274356
107,107,2.0,7.256202809851122,1.377182345274199,9.151772766950764,8.932201951302384,1.0,20.358544283930488,20.358544283930488,3.789971318274356,3.789971318274356,3.628101404925561,10.179272141965244,4.575886383475382,3.789971318274356
108,108,2.0,7.256202809851122,1.377182345274199,9.151772766950764,8.932201951302384,1.0,20.358544283930488,20.358544283930488,3.789971318274356,3.789971318274356,3.628101404925561,10.179272141965244,4.575886383475382,3.789971318274356
109,109,2.0,7.256202809851122,1.377182345274199,9.151772766950764,8.932201951302384,1.0,20.358544283930488,20.358544283930488,3.789971318274356,3.789971318274356,3.628101404925561,10.179272141965244,4.575886383475382,3.789971318274356
110,110,2.0,7.256202809851122,1.377182345274199,9.151772766950764,8.932201951302384,1.0,20.358544283930488,20.358544283930488,3.789971318274356,3.789971318274356,3.628101404925561,10.179272141965244,4.575886383475382,3.789971318274356
111,111,2.0,7.256202809851122,1.377182345274199,9.151772766950764,8.932201951302384,1.0,20.358544283930488,20.358544283930488,3.789971318274356,3.789971318274356,3.628101404925561,10.179272141965244,4.575886383475382,3.789971318274356
112,112,2.0,7.256202809851122,1.377182345274199,9.151772766950764,8.932201951302384,1.0,20.358544283930488,20.358544283930488,3.789971318274356,3.789971318274356,3.628101404925561,10.179272141965244,4.575886383475382,3.789971318274356
113,113,2.0,7.256202809851122,1.377182345274199,9.151772766950764,8.932201951302384,1.0,20.358544283930488,20.358544283930488,3.789971318274356,3.789971318274356,3.628101404925561,10.179272141965244,4.575886383475382,3.789971318274356
114,114,2.0,7.256202809851122,1.377182345274199,9.151772766950764,8.932201951302384,1.0,20.358544283930488,20.358544283930488,3.789971318274356,3.789971318274356,3.628101404925561,10.179272141965244,4.575886383475382,3.789971318274356
115,115,2.0,7.256202809851122,1.377182345274199,9.151772766950764,8.932201951302384,1.0,20.358544283930488,20.358544283930488,3.789971318274356,3.789971318274356,3.628101404925561,10.179272141965244,4.575886383475382,3.789971318274356
116,116,2.0,7.256202809851122,1.377182345274199,9.151772766950764,8.932201951302384,1.0,20.358544283930488,20.358544283930488,3.789971318274356,3.789971318274356,3.628101404925561,10.179272141965244,4.575886383475382,3.789971318274356
117,117,2.0,7.256202809851122,1.377182345274199,9.151772766950764,8.932201951302384,1.0,20.358544283930488,20.358544283930488,3.789971318274356,3.789971318274356,3.628101404925561,10.179272141965244,4.575886383475382,3.789971318274356
118,118,2.0,7.256202809851122,1.377182345274199,9.151772766950764,8.932201951302384,1.0,20.358544283930488,20.358544283930488,3.789971318274356,3.789971318274356,3.628101404925561,10.179272141965244,4.575886383475382,3.789971318274356
119,119,2.0,7.256202809851122,1.377182345274199,9.151772766950764,8.932201951302384,1.0,20.358544283930488,20.358544283930488,3.789971318274356,3.789971318274356,3.628101404925561,10.179272141965244,4.575886383475382,3.789971318274356
120,120,2.0,7.256202809851122,1.377182345274199,9.151772766950764,8.932201951302384,1.0,20.358544283930488,20.358544283930488,3.789971318274356,3.789971318274356,3.628101404925561,10.179272141965244,4.575886383475382,3.789971318274356
121,121,2.0,7.256202809851122,1.377182345274199,9.151772766950764,8.932201951302384,1.0,20.358544283930488,20.358544283930488,3.789971318274356,3.789971318274356,3.628101404925561,10.179272141965244,4.575886383475382,3.789971318274356
122,122,2.0,7.256202809851122,1.377182345274199,9.151772766950764,8.932201951302384,1.0,20.358544283930488,20.358544283930488,3.789971318274356,3.789971318274356,3.628101404925561,10.179272141965244,4.575886383475382,3.789971318274356
123,123,2.0,7.256202809851122,1.377182345274199,9.151772766950764,8.932201951302384,1.0,20.358544283930488,20.358544283930488,3.789971318274356,3.789971318274356,3.628101404925561,10.179272141965244,4.575886383475382,3.789971318274356
124,124,2.0,7.256202809851122,1.377182345274199,9.151772766950764,8.932201951302384,1.0,20.358544283930488,20.358544283930488,3.789971318274356,3.789971318274356,3.628101404925561,10.179272141965244,4.575886383475382,3.789971318274356
125,125,2.0,7.256202809851122,1.377182345274199,9.151772766950764,8.932201951302384,1.0,20.358544283930488,20.358544283930488,3.789971318274356,3.789971318274356,3.628101404925561,10.179272141965244,4.575886383475382,3.789971318274356
126,126,2.0,7.256202809851122,1.377182345274199,9.151772766950764,8.932201951302384,1.0,20.358544283930488,20.358544283930488,3.789971318274356,3.789971318274356,3.628101404925561,10.179272141965244,4.575886383475382,3.789971318274356
127,127,2.0,7.256202809851122,1.377182345274199,9.151772766950764,8.932201951302384,1.0,20.358544283930488,20.358544283930488,3.789971318274356,3.789971318274356,3.628101404925561,10.179272141965244,4.575886383475382,3.789971318274356
128,128,2.0,7.256202809851122,1.377182345274199,9.151772766950764,8.932201951302384,1.0,20.358544283930488,20.358544283930488,3.789971318274356,3.789971318274356,3.628101404925561,10.179272141965244,4.575886383475382,3.789971318274356
129,129,2.0,7.256202809851122,1.377182345274199,9.151772766950764,8.932201951302384,1.0,20.358544283930488,20.358544283930488,3.789971318274356,3.789971318274356,3.628101404925561,10.179272141965244,4.575886383475382,3.789971318274356
130,130,2.0,7.256202809851122,1.377182345274199,9.151772766950764,8.932201951302384,1.0,20.358544283930488,20.358544283930488,3.789971318274356,3.789971318274356,3.628101404925561,10.179272141965244,4.575886383475382,3.789971318274356
131,131,2.0,7.256202809851122,1.377182345274199,9.151772766950764,8.932201951302384,2.0,44.290086161788615,23.931541877858127,10.487819130623846,6.69784781234949,3.628101404925561,22.145043080894308,4.575886383475382,5.243909565311923
132,132,2.0,7.256202809851122,1.377182345274199,9.151772766950764,8.932201951302384,2.0,44.290086161788615,23.931541877858127,10.487819130623846,6.69784781234949,3.628101404925561,22.145043080894308,4.575886383475382,5.243909565311923
133,133,2.0,7.256202809851122,1.377182345274199,9.151772766950764,8.932201951302384,2.0,44.290086161788615,23.931541877858127,10.487819130623846,6.69784781234949,3.628101404925561,22.145043080894308,4.575886383475382,5.243909565311923
134,134,2.0,7.256202809851122,1.377182345274199,9.151772766950764,8.932201951302384,2.0,44.290086161788615,23.931541877858127,10.487819130623846,6.69784781234949,3.628101404925561,22.145043080894308,4.575886383475382,5.243909565311923
135,135,2.0,7.256202809851122,1.377182345274199,9.151772766950764,8.932201951302384,2.0,44.290086161788615,23.931541877858127,10.487819130623846,6.69784781234949,3.628101404925561,22.145043080894308,4.575886383475382,5.243909565311923
136,136,2.0,7.256202809851122,1.377182345274199,9.151772766950764,8.932201951302384,2.0,44.290086161788615,23.931541877858127,10.487819130623846,6.69784781234949,3.628101404925561,22.145043080894308,4.575886383475382,5.243909565311923
137,137,2.0,7.256202809851122,1.377182345274199,9.151772766950764,8.932201951302384,2.0,44.290086161788615,23.931541877858127,10.487819130623846,6.69784781234949,3.628101404925561,22.145043080894308,4.575886383475382,5.243909565311923
138,138,2.0,7.256202809851122,1.377182345274199,9.151772766950764,8.932201951302384,2.0,44.290086161788615,23.931541877858127,10.487819130623846,6.69784781234949,3.628101404925561,22.145043080894308,4.575886383475382,5.243909565311923
139,139,2.0,7.256202809851122,1.377182345274199,9.151772766950764,8.932201951302384,2.0,44.290086161788615,23.931541877858127,10.487819130623846,6.69784781234949,3.628101404925561,22.145043080894308,4.575886383475382,5.243909565311923
140,140,2.0,7.256202809851122,1.377182345274199,9.151772766950764,8.932201951302384,2.0,44.290086161788615,23.931541877858127,10.487819130623846,6.69784781234949,3.628101404925561,22.145043080894308,4.575886383475382,5.243909565311923
141,141,2.0,7.256202809851122,1.377182345274199,9.151772766950764,8.932201951302384,2.0,44.290086161788615,23.931541877858127,10.487819130623846,6.69784781234949,3.628101404925561,22.145043080894308,4.575886383475382,5.243909565311923
142,142,2.0,7.256202809851122,1.377182345274199,9.151772766950764,8.932201951302384,2.0,44.290086161788615,23.931541877858127,10.487819130623846,6.69784781234949,3.628101404925561,22.145043080894308,4.575886383475382,5.243909565311923
143,143,2.0,7.256202809851122,1.377182345274199,9.151772766950764,8.932201951302384,2.0,44.290086161788615,23.931541877858127,10.487819130623846,6.69784781234949,3.628101404925561,22.145043080894308,4.575886383475382,5.243909565311923
144,144,2.0,7.256202809851122,1.377182345274199,9.151772766950764,8.932201951302384,2.0,44.290086161788615,23.931541877858127,10.487819130623846,6.69784781234949,3.628101404925561,22.145043080894308,4.575886383475382,5.243909565311923
145,145,2.0,7.256202809851122,1.377182345274199,9.151772766950764,8.932201951302384,2.0,44.290086161788615,23.931541877858127,10.487819130623846,6.69784781234949,3.628101404925561,22.145043080894308,4.575886383475382,5.243909565311923
146,146,2.0,7.256202809851122,1.377182345274199,9.151772766950764,8.932201951302384,2.0,44.290086161788615,23.931541877858127,10.487819130623846,6.69784781234949,3.628101404925561,22.145043080894308,4.575886383475382,5.243909565311923
147,147,2.0,7.256202809851122,1.377182345274199,9.151772766950764,8.932201951302384,2.0,44.290086161788615,23.931541877858127,10.487819130623846,6.69784781234949,3.628101404925561,22.145043080894308,4.575886383475382,5.243909565311923
148,148,2.0,7.256202809851122,1.377182345274199,9.151772766950764,8.932201951302384,2.0,44.290086161788615,23.931541877858127,10.487819130623846,6.69784781234949,3.628101404925561,22.145043080894308,4.575886383475382,5.243909565311923
149,149,2.0,7.256202809851122,1.377182345274199,9.151772766950764,8.932201951302384,2.0,44.290086161788615,23.931541877858127,10.487819130623846,6.69784781234949,3.628101404925561,22.145043080894308,4.575886383475382,5.243909565311923
150,150,2.0,7.256202809851122,1.377182345274199,9.151772766950764,8.932201951302384,2.0,44.290086161788615,23.931541877858127,10.487819130623846,6.69784781234949,3.628101404925561,22.145043080894308,4.575886383475382,5.243909565311923
151,151,2.0,7.256202809851122,1.377182345274199,9.151772766950764,8.932201951302384,2.0,44.290086161788615,23.931541877858127,10.487819130623846,6.69784781234949,3.628101404925561,22.145043080894308,4.575886383475382,5.243909565311923
152,152,2.0,7.256202809851122,1.377182345274199,9.151772766950764,8.932201951302384,2.0,44.290086161788615,23.931541877858127,10.487819130623846,6.69784781234949,3.628101404925561,22.145043080894308,4.575886383475382,5.243909565311923
153,153,2.0,7.256202809851122,1.377182345274199,9.151772766950764,8.932201951302384,2.0,44.290086161788615,23.931541877858127,10.487819130623846,6.69784781234949,3.628101404925561,22.145043080894308,4.575886383475382,5.243909565311923
154,154,2.0,7.256202809851122,1.377182345274199,9.151772766950764,8.932201951302384,2.0,44.290086161788615,23.931541877858127,10.487819130623846,6.69784781234949,3.628101404925561,22.145043080894308,4.575886383475382,5.243909565311923
155,155,2.0,7.256202809851122,1.377182345274199,9.151772766950764,8.932201951302384,2.0,44.290086161788615,23.931541877858127,10.487819130623846,6.69784781234949,3.628101404925561,22.145043080894308,4.575886383475382,5.243909565311923
156,156,2.0,7.256202809851122,1.377182345274199,9.151772766950764,8.932201951302384,2.0,44.290086161788615,23.931541877858127,10.487819130623846,6.69784781234949,3.628101404925561,22.145043080894308,4.575886383475382,5.243909565311923
157,157,2.0,7.256202809851122,1.377182345274199,9.151772766950764,8.932201951302384,2.0,44.290086161788615,23.931541877858127,10.487819130623846,6.69784781234949,3.628101404925561,22.145043080894308,4.575886383475382,5.243909565311923
158,158,2.0,7.256202809851122,1.377182345274199,9.151772766950764,8.932201951302384,2.0,44.290086161788615,23.931541877858127,10.487819130623846,6.69784781234949,3.628101404925561,22.145043080894308,4.575886383475382,5.243909565311923
159,159,2.0,7.256202809851122,1.377182345274199,9.151772766950764,8.932201951302384,2.0,44.290086161788615,23.931541877858127,10.487819130623846,6.69784781234949,3.628101404925561,22.145043080894308,4.575886383475382,5.243909565311923
160,160,2.0,7.256202809851122,1.377182345274199,9.151772766950764,8.932201951302384,2.0,44.290086161788615,23.931541877858127,10.487819130623846,6.69784781234949,3.628101404925561,22.145043080894308,4.575886383475382,5.243909565311923
161,161,2.0,7.256202809851122,1.377182345274199,9.151772766950764,8.932201951302384,2.0,44.290086161788615,23.931541877858127,10.487819130623846,6.69784781234949,3.628101404925561,22.145043080894308,4.575886383475382,5.243909565311923
162,162,2.0,7.256202809851122,1.377182345274199,9.151772766950764,8.932201951302384,2.0,44.290086161788615,23.931541877858127,10.487819130623846,6.69784781234949,3.628101404925561,22.145043080894308,4.575886383475382,5.243909565311923
163,163,2.0,7.256202809851122,1.377182345274199,9.151772766950764,8.932201951302384,2.0,44.290086161788615,23.931541877858127,10.487819130623846,6.69784781234949,3.628101404925561,22.145043080894308,4.575886383475382,5.243909565311923
164,164,2.0,7.256202809851122,1.377182345274199,9.151772766950764,8.932201951302384,2.0,44.290086161788615,23.931541877858127,10.487819130623846,6.69784781234949,3.628101404925561,22.145043080894308,4.575886383475382,5.243909565311923
165,165,2.0,7.256202809851122,1.377182345274199,9.151772766950764,8.932201951302384,2.0,44.290086161788615,23.931541877858127,10.487819130623846,6.69784781234949,3.628101404925561,22.145043080894308,4.575886383475382,5.243909565311923
166,166,2.0,7.256202809851122,1.377182345274199,9.151772766950764,8.932201951302384,2.0,44.290086161788615,23.931541877858127,10.487819130623846,6.69784781234949,3.628101404925561,22.145043080894308,4.575886383475382,5.243909565311923
167,167,2.0,7.256202809851122,1.377182345274199,9.151772766950764,8.932201951302384,2.0,44.290086161788615,23.931541877858127,10.487819130623846,6.69784781234949,3.628101404925561,22.145043080894308,4.575886383475382,5.243909565311923
168,168,2.0,7.256202809851122,1.377182345274199,9.151772766950764,8.932201951302384,2.0,44.290086161788615,23.931541877858127,10.487819130623846,6.69784781234949,3.628101404925561,22.145043080894308,4.575886383475382,5.243909565311923
169,169,2.0,7.256202809851122,1.377182345274199,9.151772766950764,8.932201951302384,2.0,44.290086161788615,23.931541877858127,10.487819130623846,6.69784781234949,3.628101404925561,22.145043080894308,4.575886383475382,5.243909565311923
170,170,2.0,7.256202809851122,1.377182345274199,9.151772766950764,8.932201951302384,2.0,44.290086161788615,23.931541877858127,10.487819130623846,6.69784781234949,3.628101404925561,22.145043080894308,4.575886383475382,5.243909565311923
171,171,2.0,7.256202809851122,1.377182345274199,9.151772766950764,8.932201951302384,2.0,44.290086161788615,23.931541877858127,10.487819130623846,6.69784781234949,3.628101404925561,22.145043080894308,4.575886383475382,5.243909565311923
172,172,2.0,7.256202809851122,1.377182345274199,9.151772766950764,8.932201951302384,2.0,44.290086161788615,23.931541877858127,10.487819130623846,6.69784781234949,3.628101404925561,22.145043080894308,4.575886383475382,5.243909565311923
173,173,2.0,7.256202809851122,1.377182345274199,9.151772766950764,8.932201951302384,2.0,44.290086161788615,23.931541877858127,10.487819130623846,6.69784781234949,3.628101404925561,22.145043080894308,4.575886383475382,5.243909565311923
174,174,2.0,7.256202809851122,1.377182345274199,9.151772766950764,8.932201951302384,2.0,44.290086161788615,23.931541877858127,10.487819130623846,6.69784781234949,3.628101404925561,22.145043080894308,4.575886383475382,5.243909565311923
175,175,2.0,7.256202809851122,1.377182345274199,9.151772766950764,8.932201951302384,2.0,44.290086161788615,23.931541877858127,10.487819130623846,6.69784781234949,3.628101404925561,22.145043080894308,4.575886383475382,5.243909565311923
176,176,2.0,7.256202809851122,1.377182345274199,9.151772766950764,8.932201951302384,2.0,44.290086161788615,23.931541877858127,10.487819130623846,6.69784781234949,3.628101404925561,22.145043080894308,4.575886383475382,5.243909565311923
177,177,2.0,7.256202809851122,1.377182345274199,9.151772766950764,8.932201951302384,2.0,44.290086161788615,23.931541877858127,10.487819130623846,6.69784781234949,3.628101404925561,22.145043080894308,4.575886383475382,5.243909565311923
178,178,2.0,7.256202809851122,1.377182345274199,9.151772766950764,8.932201951302384,2.0,44.290086161788615,23.931541877858127,10.487819130623846,6.69784781234949,3.628101404925561,22.145043080894308,4.575886383475382,5.243909565311923
179,179,2.0,7.256202809851122,1.377182345274199,9.151772766950764,8.932201951302384,2.0,44.290086161788615,23.931541877858127,10.487819130623846,6.69784781234949,3.628101404925561,22.145043080894308,4.575886383475382,5.243909565311923
180,180,2.0,7.256202809851122,1.377182345274199,9.151772766950764,8.932201951302384,2.0,44.290086161788615,23.931541877858127,10.487819130623846,6.69784781234949,3.628101404925561,22.145043080894308,4.575886383475382,5.243909565311923
181,181,2.0,7.256202809851122,1.377182345274199,9.151772766950764,8.932201951302384,2.0,44.290086161788615,23.931541877858127,10.487819130623846,6.69784781234949,3.628101404925561,22.145043080894308,4.575886383475382,5.243909565311923
182,182,2.0,7.256202809851122,1.377182345274199,9.151772766950764,8.932201951302384,2.0,44.290086161788615,23.931541877858127,10.487819130623846,6.69784781234949,3.628101404925561,22.145043080894308,4.575886383475382,5.243909565311923
183,183,2.0,7.256202809851122,1.377182345274199,9.151772766950764,8.932201951302384,2.0,44.290086161788615,23.931541877858127,10.487819130623846,6.69784781234949,3.628101404925561,22.145043080894308,4.575886383475382,5.243909565311923
184,184,2.0,7.256202809851122,1.377182345274199,9.151772766950764,8.932201951302384,2.0,44.290086161788615,23.931541877858127,10.487819130623846,6.69784781234949,3.628101404925561,22.145043080894308,4.575886383475382,5.243909565311923
185,185,2.0,7.256202809851122,1.377182345274199,9.151772766950764,8.932201951302384,2.0,44.290086161788615,23.931541877858127,10.487819130623846,6.69784781234949,3.628101404925561,22.145043080894308,4.575886383475382,5.243909565311923
186,186,2.0,7.256202809851122,1.377182345274199,9.151772766950764,8.932201951302384,2.0,44.290086161788615,23.931541877858127,10.487819130623846,6.69784781234949,3.628101404925561,22.145043080894308,4.575886383475382,5.243909565311923
187,187,2.0,7.256202809851122,1.377182345274199,9.151772766950764,8.932201951302384,2.0,44.290086161788615,23.931541877858127,10.487819130623846,6.69784781234949,3.628101404925561,22.145043080894308,4.575886383475382,5.243909565311923
188,188,2.0,7.256202809851122,1.377182345274199,9.151772766950764,8.932201951302384,2.0,44.290086161788615,23.931541877858127,10.487819130623846,6.69784781234949,3.628101404925561,22.145043080894308,4.575886383475382,5.243909565311923
189,189,2.0,7.256202809851122,1.377182345274199,9.151772766950764,8.932201951302384,2.0,44.290086161788615,23.931541877858127,10.487819130623846,6.69784781234949,3.628101404925561,22.145043080894308,4.575886383475382,5.243909565311923
190,190,2.0,7.256202809851122,1.377182345274199,9.151772766950764,8.932201951302384,2.0,44.290086161788615,23.931541877858127,10.487819130623846,6.69784781234949,3.628101404925561,22.145043080894308,4.575886383475382,5.243909565311923
191,191,2.0,7.256202809851122,1.377182345274199,9.151772766950764,8.932201951302384,2.0,44.290086161788615,23.931541877858127,10.487819130623846,6.69784781234949,3.628101404925561,22.145043080894308,4.575886383475382,5.243909565311923
192,192,2.0,7.256202809851122,1.377182345274199,9.151772766950764,8.932201951302384,2.0,44.290086161788615,23.931541877858127,10.487819130623846,6.69784781234949,3.628101404925561,22.145043080894308,4.575886383475382,5.243909565311923
193,193,2.0,7.256202809851122,1.377182345274199,9.151772766950764,8.932201951302384,2.0,44.290086161788615,23.931541877858127,10.487819130623846,6.69784781234949,3.628101404925561,22.145043080894308,4.575886383475382,5.243909565311923
194,194,2.0,7.256202809851122,1.377182345274199,9.151772766950764,8.932201951302384,2.0,44.290086161788615,23.931541877858127,10.487819130623846,6.69784781234949,3.628101404925561,22.145043080894308,4.575886383475382,5.243909565311923
195,195,2.0,7.256202809851122,1.377182345274199,9.151772766950764,8.932201951302384,2.0,44.290086161788615,23.931541877858127,10.487819130623846,6.69784781234949,3.628101404925561,22.145043080894308,4.575886383475382,5.243909565311923
196,196,2.0,7.256202809851122,1.377182345274199,9.151772766950764,8.932201951302384,2.0,44.290086161788615,23.931541877858127,10.487819130623846,6.69784781234949,3.628101404925561,22.145043080894308,4.575886383475382,5.243909565311923
197,197,2.0,7.256202809851122,1.377182345274199,9.151772766950764,8.932201951302384,2.0,44.290086161788615,23.931541877858127,10.487819130623846,6.69784781234949,3.628101404925561,22.145043080894308,4.575886383475382,5.243909565311923
198,198,2.0,7.256202809851122,1.377182345274199,9.151772766950764,8.932201951302384,2.0,44.290086161788615,23.931541877858127,10.487819130623846,6.69784781234949,3.628101404925561,22.145043080894308,4.575886383475382,5.243909565311923
199,199,2.0,7.256202809851122,1.377182345274199,9.151772766950764,8.932201951302384,2.0,44.290086161788615,23.931541877858127,10.487819130623846,6.69784781234949,3.628101404925561,22.145043080894308,4.575886383475382,5.243909565311923
200,200,2.0,7.256202809851122,1.377182345274199,9.151772766950764,8.932201951302384,2.0,44.290086161788615,23.931541877858127,10.487819130623846,6.69784781234949,3.628101404925561,22.145043080894308,4.575886383475382,5.243909565311923
201,201,2.0,7.256202809851122,1.377182345274199,9.151772766950764,8.932201951302384,2.0,44.290086161788615,23.931541877858127,10.487819130623846,6.69784781234949,3.628101404925561,22.145043080894308,4.575886383475382,5.243909565311923
202,202,2.0,7.256202809851122,1.377182345274199,9.151772766950764,8.932201951302384,2.0,44.290086161788615,23.931541877858127,10.487819130623846,6.69784781234949,3.628101404925561,22.145043080894308,4.575886383475382,5.243909565311923
203,203,2.0,7.256202809851122,1.377182345274199,9.151772766950764,8.932201951302384,2.0,44.290086161788615,23.931541877858127,10.487819130623846,6.69784781234949,3.628101404925561,22.145043080894308,4.575886383475382,5.243909565311923
204,204,2.0,7.256202809851122,1.377182345274199,9.151772766950764,8.932201951302384,2.0,44.290086161788615,23.931541877858127,10.487819130623846,6.69784781234949,3.628101404925561,22.145043080894308,4.575886383475382,5.243909565311923
205,205,2.0,7.256202809851122,1.377182345274199,9.151772766950764,8.932201951302384,2.0,44.290086161788615,23.931541877858127,10.487819130623846,6.69784781234949,3.628101404925561,22.145043080894308,4.575886383475382,5.243909565311923
206,206,2.0,7.256202809851122,1.377182345274199,9.151772766950764,8.932201951302384,2.0,44.290086161788615,23.931541877858127,10.487819130623846,6.69784781234949,3.628101404925561,22.145043080894308,4.575886383475382,5.243909565311923
207,207,2.0,7.256202809851122,1.377182345274199,9.151772766950764,8.932201951302384,2.0,44.290086161788615,23.931541877858127,10.487819130623846,6.69784781234949,3.628101404925561,22.145043080894308,4.575886383475382,5.243909565311923
208,208,2.0,7.256202809851122,1.377182345274199,9.151772766950764,8.932201951302384,2.0,44.290086161788615,23.931541877858127,10.487819130623846,6.69784781234949,3.628101404925561,22.145043080894308,4.575886383475382,5.243909565311923
209,209,2.0,7.256202809851122,1.377182345274199,9.151772766950764,8.932201951302384,2.0,44.290086161788615,23.931541877858127,10.487819130623846,6.69784781234949,3.628101404925561,22.145043080894308,4.575886383475382,5.243909565311923
210,210,2.0,7.256202809851122,1.377182345274199,9.151772766950764,8.932201951302384,2.0,44.290086161788615,23.931541877858127,10.487819130623846,6.69784781234949,3.628101404925561,22.145043080894308,4.575886383475382,5.243909565311923
211,211,2.0,7.256202809851122,1.377182345274199,9.151772766950764,8.932201951302384,2.0,44.290086161788615,23.931541877858127,10.487819130623846,6.69784781234949,3.628101404925561,22.145043080894308,4.575886383475382,5.243909565311923
212,212,2.0,7.256202809851122,1.377182345274199,9.151772766950764,8.932201951302384,2.0,44.290086161788615,23.931541877858127,10.487819130623846,6.69784781234949,3.628101404925561,22.145043080894308,4.575886383475382,5.243909565311923
213,213,2.0,7.256202809851122,1.377182345274199,9.151772766950764,8.932201951302384,2.0,44.290086161788615,23.931541877858127,10.487819130623846,6.69784781234949,3.628101404925561,22.145043080894308,4.575886383475382,5.243909565311923
