,frame_num,player_1_number_of_shots,player_1_total_shot_speed,player_1_last_shot_speed,player_1_total_player_speed,player_1_last_player_speed,player_2_number_of_shots,player_2_total_shot_speed,player_2_last_shot_speed,player_2_total_player_speed,player_2_last_player_speed,player_1_average_shot_speed,player_2_average_shot_speed,player_1_average_player_speed,player_2_average_player_speed
0,0,0.0,0.0,0.0,0.0,0.0,0.0,0.0,0.0,0.0,0.0,,,,
1,1,0.0,0.0,0.0,0.0,0.0,0.0,0.0,0.0,0.0,0.0,,,,
2,2,0.0,0.0,0.0,0.0,0.0,0.0,0.0,0.0,0.0,0.0,,,,
3,3,0.0,0.0,0.0,0.0,0.0,0.0,0.0,0.0,0.0,0.0,,,,
4,4,0.0,0.0,0.0,0.0,0.0,0.0,0.0,0.0,0.0,0.0,,,,
5,5,0.0,0.0,0.0,0.0,0.0,0.0,0.0,0.0,0.0,0.0,,,,
6,6,0.0,0.0,0.0,0.0,0.0,0.0,0.0,0.0,0.0,0.0,,,,
7,7,0.0,0.0,0.0,0.0,0.0,0.0,0.0,0.0,0.0,0.0,,,,
8,8,0.0,0.0,0.0,0.0,0.0,0.0,0.0,0.0,0.0,0.0,,,,
9,9,0.0,0.0,0.0,0.0,0.0,0.0,0.0,0.0,0.0,0.0,,,,
10,10,0.0,0.0,0.0,0.0,0.0,0.0,0.0,0.0,0.0,0.0,,,,
11,11,0.0,0.0,0.0,3.789971318274356,3.789971318274356,1.0,20.358545429239943,20.358545429239943,0.0,0.0,,20.358545429239943,3.789971318274356,
12,12,0.0,0.0,0.0,3.789971318274356,3.789971318274356,1.0,20.358545429239943,20.358545429239943,0.0,0.0,,20.358545429239943,3.789971318274356,
13,13,0.0,0.0,0.0,3.789971318274356,3.789971318274356,1.0,20.358545429239943,20.358545429239943,0.0,0.0,,20.358545429239943,3.789971318274356,
14,14,0.0,0.0,0.0,3.789971318274356,3.789971318274356,1.0,20.358545429239943,20.358545429239943,0.0,0.0,,20.358545429239943,3.789971318274356,
15,15,0.0,0.0,0.0,3.789971318274356,3.789971318274356,1.0,20.358545429239943,20.358545429239943,0.0,0.0,,20.358545429239943,3.789971318274356,
16,16,0.0,0.0,0.0,3.789971318274356,3.789971318274356,1.0,20.358545429239943,20.358545429239943,0.0,0.0,,20.358545429239943,3.789971318274356,
17,17,0.0,0.0,0.0,3.789971318274356,3.789971318274356,1.0,20.358545429239943,20.358545429239943,0.0,0.0,,20.358545429239943,3.789971318274356,
18,18,0.0,0.0,0.0,3.789971318274356,3.789971318274356,1.0,20.358545429239943,20.358545429239943,0.0,0.0,,20.358545429239943,3.789971318274356,
19,19,0.0,0.0,0.0,3.789971318274356,3.789971318274356,1.0,20.358545429239943,20.358545429239943,0.0,0.0,,20.358545429239943,3.789971318274356,
20,20,0.0,0.0,0.0,3.789971318274356,3.789971318274356,1.0,20.358545429239943,20.358545429239943,0.0,0.0,,20.358545429239943,3.789971318274356,
21,21,0.0,0.0,0.0,3.789971318274356,3.789971318274356,1.0,20.358545429239943,20.358545429239943,0.0,0.0,,20.358545429239943,3.789971318274356,
22,22,0.0,0.0,0.0,3.789971318274356,3.789971318274356,1.0,20.358545429239943,20.358545429239943,0.0,0.0,,20.358545429239943,3.789971318274356,
23,23,0.0,0.0,0.0,3.789971318274356,3.789971318274356,1.0,20.358545429239943,20.358545429239943,0.0,0.0,,20.358545429239943,3.789971318274356,
24,24,0.0,0.0,0.0,3.789971318274356,3.789971318274356,1.0,20.358545429239943,20.358545429239943,0.0,0.0,,20.358545429239943,3.789971318274356,
25,25,0.0,0.0,0.0,3.789971318274356,3.789971318274356,1.0,20.358545429239943,20.358545429239943,0.0,0.0,,20.358545429239943,3.789971318274356,
26,26,0.0,0.0,0.0,3.789971318274356,3.789971318274356,1.0,20.358545429239943,20.358545429239943,0.0,0.0,,20.358545429239943,3.789971318274356,
27,27,0.0,0.0,0.0,3.789971318274356,3.789971318274356,1.0,20.358545429239943,20.358545429239943,0.0,0.0,,20.358545429239943,3.789971318274356,
28,28,0.0,0.0,0.0,3.789971318274356,3.789971318274356,1.0,20.358545429239943,20.358545429239943,0.0,0.0,,20.358545429239943,3.789971318274356,
29,29,0.0,0.0,0.0,3.789971318274356,3.789971318274356,1.0,20.358545429239943,20.358545429239943,0.0,0.0,,20.358545429239943,3.789971318274356,
30,30,0.0,0.0,0.0,3.789971318274356,3.789971318274356,1.0,20.358545429239943,20.358545429239943,0.0,0.0,,20.358545429239943,3.789971318274356,
31,31,0.0,0.0,0.0,3.789971318274356,3.789971318274356,1.0,20.358545429239943,20.358545429239943,0.0,0.0,,20.358545429239943,3.789971318274356,
32,32,0.0,0.0,0.0,3.789971318274356,3.789971318274356,1.0,20.358545429239943,20.358545429239943,0.0,0.0,,20.358545429239943,3.789971318274356,
33,33,0.0,0.0,0.0,3.789971318274356,3.789971318274356,1.0,20.358545429239943,20.358545429239943,0.0,0.0,,20.358545429239943,3.789971318274356,
34,34,0.0,0.0,0.0,3.789971318274356,3.789971318274356,1.0,20.358545429239943,20.358545429239943,0.0,0.0,,20.358545429239943,3.789971318274356,
35,35,0.0,0.0,0.0,3.789971318274356,3.789971318274356,1.0,20.358545429239943,20.358545429239943,0.0,0.0,,20.358545429239943,3.789971318274356,
36,36,0.0,0.0,0.0,3.789971318274356,3.789971318274356,1.0,20.358545429239943,20.358545429239943,0.0,0.0,,20.358545429239943,3.789971318274356,
37,37,0.0,0.0,0.0,3.789971318274356,3.789971318274356,1.0,20.358545429239943,20.358545429239943,0.0,0.0,,20.358545429239943,3.789971318274356,
38,38,0.0,0.0,0.0,3.789971318274356,3.789971318274356,1.0,20.358545429239943,20.358545429239943,0.0,0.0,,20.358545429239943,3.789971318274356,
39,39,0.0,0.0,0.0,3.789971318274356,3.789971318274356,1.0,20.358545429239943,20.358545429239943,0.0,0.0,,20.358545429239943,3.789971318274356,
40,40,0.0,0.0,0.0,3.789971318274356,3.789971318274356,1.0,20.358545429239943,20.358545429239943,0.0,0.0,,20.358545429239943,3.789971318274356,
41,41,0.0,0.0,0.0,3.789971318274356,3.789971318274356,1.0,20.358545429239943,20.358545429239943,0.0,0.0,,20.358545429239943,3.789971318274356,
42,42,0.0,0.0,0.0,3.789971318274356,3.789971318274356,1.0,20.358545429239943,20.358545429239943,0.0,0.0,,20.358545429239943,3.789971318274356,
43,43,0.0,0.0,0.0,3.789971318274356,3.789971318274356,1.0,20.358545429239943,20.358545429239943,0.0,0.0,,20.358545429239943,3.789971318274356,
44,44,0.0,0.0,0.0,3.789971318274356,3.789971318274356,1.0,20.358545429239943,20.358545429239943,0.0,0.0,,20.358545429239943,3.789971318274356,
45,45,0.0,0.0,0.0,3.789971318274356,3.789971318274356,1.0,20.358545429239943,20.358545429239943,0.0,0.0,,20.358545429239943,3.789971318274356,
46,46,0.0,0.0,0.0,3.789971318274356,3.789971318274356,1.0,20.358545429239943,20.358545429239943,0.0,0.0,,20.358545429239943,3.789971318274356,
47,47,0.0,0.0,0.0,3.789971318274356,3.789971318274356,1.0,20.358545429239943,20.358545429239943,0.0,0.0,,20.358545429239943,3.789971318274356,
48,48,0.0,0.0,0.0,3.789971318274356,3.789971318274356,1.0,20.358545429239943,20.358545429239943,0.0,0.0,,20.358545429239943,3.789971318274356,
49,49,0.0,0.0,0.0,3.789971318274356,3.789971318274356,1.0,20.358545429239943,20.358545429239943,0.0,0.0,,20.358545429239943,3.789971318274356,
50,50,0.0,0.0,0.0,3.789971318274356,3.789971318274356,1.0,20.358545429239943,20.358545429239943,0.0,0.0,,20.358545429239943,3.789971318274356,
51,51,0.0,0.0,0.0,3.789971318274356,3.789971318274356,1.0,20.358545429239943,20.358545429239943,0.0,0.0,,20.358545429239943,3.789971318274356,
52,52,0.0,0.0,0.0,3.789971318274356,3.789971318274356,1.0,20.358545429239943,20.358545429239943,0.0,0.0,,20.358545429239943,3.789971318274356,
53,53,0.0,0.0,0.0,3.789971318274356,3.789971318274356,1.0,20.358545429239943,20.358545429239943,0.0,0.0,,20.358545429239943,3.789971318274356,
54,54,0.0,0.0,0.0,3.789971318274356,3.789971318274356,1.0,20.358545429239943,20.358545429239943,0.0,0.0,,20.358545429239943,3.789971318274356,
55,55,0.0,0.0,0.0,3.789971318274356,3.789971318274356,1.0,20.358545429239943,20.358545429239943,0.0,0.0,,20.358545429239943,3.789971318274356,
56,56,0.0,0.0,0.0,3.789971318274356,3.789971318274356,1.0,20.358545429239943,20.358545429239943,0.0,0.0,,20.358545429239943,3.789971318274356,
57,57,0.0,0.0,0.0,3.789971318274356,3.789971318274356,1.0,20.358545429239943,20.358545429239943,0.0,0.0,,20.358545429239943,3.789971318274356,
58,58,1.0,5.879018447810057,5.879018447810057,3.789971318274356,3.789971318274356,1.0,20.358545429239943,20.358545429239943,0.2195709642355363,0.2195709642355363,5.879018447810057,20.358545429239943,3.789971318274356,0.2195709642355363
59,59,1.0,5.879018447810057,5.879018447810057,3.789971318274356,3.789971318274356,1.0,20.358545429239943,20.358545429239943,0.2195709642355363,0.2195709642355363,5.879018447810057,20.358545429239943,3.789971318274356,0.2195709642355363
60,60,1.0,5.879018447810057,5.879018447810057,3.789971318274356,3.789971318274356,1.0,20.358545429239943,20.358545429239943,0.2195709642355363,0.2195709642355363,5.879018447810057,20.358545429239943,3.789971318274356,0.2195709642355363
61,61,1.0,5.879018447810057,5.879018447810057,3.789971318274356,3.789971318274356,1.0,20.358545429239943,20.358545429239943,0.2195709642355363,0.2195709642355363,5.879018447810057,20.358545429239943,3.789971318274356,0.2195709642355363
62,62,1.0,5.879018447810057,5.879018447810057,3.789971318274356,3.789971318274356,1.0,20.358545429239943,20.358545429239943,0.2195709642355363,0.2195709642355363,5.879018447810057,20.358545429239943,3.789971318274356,0.2195709642355363
63,63,1.0,5.879018447810057,5.879018447810057,3.789971318274356,3.789971318274356,1.0,20.358545429239943,20.358545429239943,0.2195709642355363,0.2195709642355363,5.879018447810057,20.358545429239943,3.789971318274356,0.2195709642355363
64,64,1.0,5.879018447810057,5.879018447810057,3.789971318274356,3.789971318274356,1.0,20.358545429239943,20.358545429239943,0.2195709642355363,0.2195709642355363,5.879018447810057,20.358545429239943,3.789971318274356,0.2195709642355363
65,65,1.0,5.879018447810057,5.879018447810057,3.789971318274356,3.789971318274356,1.0,20.358545429239943,20.358545429239943,0.2195709642355363,0.2195709642355363,5.879018447810057,20.358545429239943,3.789971318274356,0.2195709642355363
66,66,1.0,5.879018447810057,5.879018447810057,3.789971318274356,3.789971318274356,1.0,20.358545429239943,20.358545429239943,0.2195709642355363,0.2195709642355363,5.879018447810057,20.358545429239943,3.789971318274356,0.2195709642355363
67,67,1.0,5.879018447810057,5.879018447810057,3.789971318274356,3.789971318274356,1.0,20.358545429239943,20.358545429239943,0.2195709642355363,0.2195709642355363,5.879018447810057,20.358545429239943,3.789971318274356,0.2195709642355363
68,68,1.0,5.879018447810057,5.879018447810057,3.789971318274356,3.789971318274356,1.0,20.358545429239943,20.358545429239943,0.2195709642355363,0.2195709642355363,5.879018447810057,20.358545429239943,3.789971318274356,0.2195709642355363
69,69,1.0,5.879018447810057,5.879018447810057,3.789971318274356,3.789971318274356,1.0,20.358545429239943,20.358545429239943,0.2195709642355363,0.2195709642355363,5.879018447810057,20.358545429239943,3.789971318274356,0.2195709642355363
70,70,1.0,5.879018447810057,5.879018447810057,3.789971318274356,3.789971318274356,1.0,20.358545429239943,20.358545429239943,0.2195709642355363,0.2195709642355363,5.879018447810057,20.358545429239943,3.789971318274356,0.2195709642355363
71,71,1.0,5.879018447810057,5.879018447810057,3.789971318274356,3.789971318274356,1.0,20.358545429239943,20.358545429239943,0.2195709642355363,0.2195709642355363,5.879018447810057,20.358545429239943,3.789971318274356,0.2195709642355363
72,72,1.0,5.879018447810057,5.879018447810057,3.789971318274356,3.789971318274356,1.0,20.358545429239943,20.358545429239943,0.2195709642355363,0.2195709642355363,5.879018447810057,20.358545429239943,3.789971318274356,0.2195709642355363
73,73,1.0,5.879018447810057,5.879018447810057,3.789971318274356,3.789971318274356,1.0,20.358545429239943,20.358545429239943,0.2195709642355363,0.2195709642355363,5.879018447810057,20.358545429239943,3.789971318274356,0.2195709642355363
74,74,1.0,5.879018447810057,5.879018447810057,3.789971318274356,3.789971318274356,1.0,20.358545429239943,20.358545429239943,0.2195709642355363,0.2195709642355363,5.879018447810057,20.358545429239943,3.789971318274356,0.2195709642355363
75,75,1.0,5.879018447810057,5.879018447810057,3.789971318274356,3.789971318274356,1.0,20.358545429239943,20.358545429239943,0.2195709642355363,0.2195709642355363,5.879018447810057,20.358545429239943,3.789971318274356,0.2195709642355363
76,76,1.0,5.879018447810057,5.879018447810057,3.789971318274356,3.789971318274356,1.0,20.358545429239943,20.358545429239943,0.2195709642355363,0.2195709642355363,5.879018447810057,20.358545429239943,3.789971318274356,0.2195709642355363
77,77,1.0,5.879018447810057,5.879018447810057,3.789971318274356,3.789971318274356,1.0,20.358545429239943,20.358545429239943,0.2195709642355363,0.2195709642355363,5.879018447810057,20.358545429239943,3.789971318274356,0.2195709642355363
78,78,1.0,5.879018447810057,5.879018447810057,3.789971318274356,3.789971318274356,1.0,20.358545429239943,20.358545429239943,0.2195709642355363,0.2195709642355363,5.879018447810057,20.358545429239943,3.789971318274356,0.2195709642355363
79,79,1.0,5.879018447810057,5.879018447810057,3.789971318274356,3.789971318274356,1.0,20.358545429239943,20.358545429239943,0.2195709642355363,0.2195709642355363,5.879018447810057,20.358545429239943,3.789971318274356,0.2195709642355363
80,80,1.0,5.879018447810057,5.879018447810057,3.789971318274356,3.789971318274356,1.0,20.358545429239943,20.358545429239943,0.2195709642355363,0.2195709642355363,5.879018447810057,20.358545429239943,3.789971318274356,0.2195709642355363
81,81,1.0,5.879018447810057,5.879018447810057,3.789971318274356,3.789971318274356,1.0,20.358545429239943,20.358545429239943,0.2195709642355363,0.2195709642355363,5.879018447810057,20.358545429239943,3.789971318274356,0.2195709642355363
82,82,1.0,5.879018447810057,5.879018447810057,3.789971318274356,3.789971318274356,1.0,20.358545429239943,20.358545429239943,0.2195709642355363,0.2195709642355363,5.879018447810057,20.358545429239943,3.789971318274356,0.2195709642355363
83,83,1.0,5.879018447810057,5.879018447810057,3.789971318274356,3.789971318274356,1.0,20.358545429239943,20.358545429239943,0.2195709642355363,0.2195709642355363,5.879018447810057,20.358545429239943,3.789971318274356,0.2195709642355363
84,84,1.0,5.879018447810057,5.879018447810057,3.789971318274356,3.789971318274356,1.0,20.358545429239943,20.358545429239943,0.2195709642355363,0.2195709642355363,5.879018447810057,20.358545429239943,3.789971318274356,0.2195709642355363
85,85,1.0,5.879018447810057,5.879018447810057,3.789971318274356,3.789971318274356,1.0,20.358545429239943,20.358545429239943,0.2195709642355363,0.2195709642355363,5.879018447810057,20.358545429239943,3.789971318274356,0.2195709642355363
86,86,1.0,5.879018447810057,5.879018447810057,3.789971318274356,3.789971318274356,1.0,20.358545429239943,20.358545429239943,0.2195709642355363,0.2195709642355363,5.879018447810057,20.358545429239943,3.789971318274356,0.2195709642355363
87,87,1.0,5.879018447810057,5.879018447810057,3.789971318274356,3.789971318274356,1.0,20.358545429239943,20.358545429239943,0.2195709642355363,0.2195709642355363,5.879018447810057,20.358545429239943,3.789971318274356,0.2195709642355363
88,88,1.0,5.879018447810057,5.879018447810057,3.789971318274356,3.789971318274356,1.0,20.358545429239943,20.358545429239943,0.2195709642355363,0.2195709642355363,5.879018447810057,20.358545429239943,3.789971318274356,0.2195709642355363
89,89,1.0,5.879018447810057,5.879018447810057,3.789971318274356,3.789971318274356,1.0,20.358545429239943,20.358545429239943,0.2195709642355363,0.2195709642355363,5.879018447810057,20.358545429239943,3.789971318274356,0.2195709642355363
90,90,1.0,5.879018447810057,5.879018447810057,3.789971318274356,3.789971318274356,1.0,20.358545429239943,20.358545429239943,0.2195709642355363,0.2195709642355363,5.879018447810057,20.358545429239943,3.789971318274356,0.2195709642355363
91,91,1.0,5.879018447810057,5.879018447810057,3.789971318274356,3.789971318274356,1.0,20.358545429239943,20.358545429239943,0.2195709642355363,0.2195709642355363,5.879018447810057,20.358545429239943,3.789971318274356,0.2195709642355363
92,92,1.0,5.879018447810057,5.879018447810057,3.789971318274356,3.789971318274356,1.0,20.358545429239943,20.358545429239943,0.2195709642355363,0.2195709642355363,5.879018447810057,20.358545429239943,3.789971318274356,0.2195709642355363
93,93,1.0,5.879018447810057,5.879018447810057,3.789971318274356,3.789971318274356,1.0,20.358545429239943,20.358545429239943,0.2195709642355363,0.2195709642355363,5.879018447810057,20.358545429239943,3.789971318274356,0.2195709642355363
94,94,1.0,5.879018447810057,5.879018447810057,3.789971318274356,3.789971318274356,1.0,20.358545429239943,20.358545429239943,0.2195709642355363,0.2195709642355363,5.879018447810057,20.358545429239943,3.789971318274356,0.2195709642355363
95,95,2.0,7.256202001536004,1.3771835537259471,3.789971318274356,3.789971318274356,1.0,20.358545429239943,20.358545429239943,9.151772918437091,8.932201954201554,3.628101000768002,20.358545429239943,3.789971318274356,4.5758864592185455
96,96,2.0,7.256202001536004,1.3771835537259471,3.789971318274356,3.789971318274356,1.0,20.358545429239943,20.358545429239943,9.151772918437091,8.932201954201554,3.628101000768002,20.358545429239943,3.789971318274356,4.5758864592185455
97,97,2.0,7.256202001536004,1.3771835537259471,3.789971318274356,3.789971318274356,1.0,20.358545429239943,20.358545429239943,9.151772918437091,8.932201954201554,3.628101000768002,20.358545429239943,3.789971318274356,4.5758864592185455
98,98,2.0,7.256202001536004,1.3771835537259471,3.789971318274356,3.789971318274356,1.0,20.358545429239943,20.358545429239943,9.151772918437091,8.932201954201554,3.628101000768002,20.358545429239943,3.789971318274356,4.5758864592185455
99,99,2.0,7.256202001536004,1.3771835537259471,3.789971318274356,3.789971318274356,1.0,20.358545429239943,20.358545429239943,9.151772918437091,8.932201954201554,3.628101000768002,20.358545429239943,3.789971318274356,4.5758864592185455
100,100,2.0,7.256202001536004,1.3771835537259471,3.789971318274356,3.789971318274356,1.0,20.358545429239943,20.358545429239943,9.151772918437091,8.932201954201554,3.628101000768002,20.358545429239943,3.789971318274356,4.5758864592185455
101,101,2.0,7.256202001536004,1.3771835537259471,3.789971318274356,3.789971318274356,1.0,20.358545429239943,20.358545429239943,9.151772918437091,8.932201954201554,3.628101000768002,20.358545429239943,3.789971318274356,4.5758864592185455
102,102,2.0,7.256202001536004,1.3771835537259471,3.789971318274356,3.789971318274356,1.0,20.358545429239943,20.358545429239943,9.151772918437091,8.932201954201554,3.628101000768002,20.358545429239943,3.789971318274356,4.5758864592185455
103,103,2.0,7.256202001536004,1.3771835537259471,3.789971318274356,3.789971318274356,1.0,20.358545429239943,20.358545429239943,9.151772918437091,8.932201954201554,3.628101000768002,20.358545429239943,3.789971318274356,4.5758864592185455
104,104,2.0,7.256202001536004,1.3771835537259471,3.789971318274356,3.789971318274356,1.0,20.358545429239943,20.358545429239943,9.151772918437091,8.932201954201554,3.628101000768002,20.358545429239943,3.789971318274356,4.5758864592185455
105,105,2.0,7.256202001536004,1.3771835537259471,3.789971318274356,3.789971318274356,1.0,20.358545429239943,20.358545429239943,9.151772918437091,8.932201954201554,3.628101000768002,20.358545429239943,3.789971318274356,4.5758864592185455
106,106,2.0,7.256202001536004,1.3771835537259471,3.789971318274356,3.789971318274356,1.0,20.358545429239943,20.358545429239943,9.151772918437091,8.932201954201554,3.628101000768002,20.358545429239943,3.789971318274356,4.5758864592185455
107,107,2.0,7.256202001536004,1.3771835537259471,3.789971318274356,3.789971318274356,1.0,20.358545429239943,20.358545429239943,9.151772918437091,8.932201954201554,3.628101000768002,20.358545429239943,3.789971318274356,4.5758864592185455
108,108,2.0,7.256202001536004,1.3771835537259471,3.789971318274356,3.789971318274356,1.0,20.358545429239943,20.358545429239943,9.151772918437091,8.932201954201554,3.628101000768002,20.358545429239943,3.789971318274356,4.5758864592185455
109,109,2.0,7.256202001536004,1.3771835537259471,3.789971318274356,3.789971318274356,1.0,20.358545429239943,20.358545429239943,9.151772918437091,8.932201954201554,3.628101000768002,20.358545429239943,3.789971318274356,4.5758864592185455
110,110,2.0,7.256202001536004,1.3771835537259471,3.789971318274356,3.789971318274356,1.0,20.358545429239943,20.358545429239943,9.151772918437091,8.932201954201554,3.628101000768002,20.358545429239943,3.789971318274356,4.5758864592185455
111,111,2.0,7.256202001536004,1.3771835537259471,3.789971318274356,3.789971318274356,1.0,20.358545429239943,20.358545429239943,9.151772918437091,8.932201954201554,3.628101000768002,20.358545429239943,3.789971318274356,4.5758864592185455
112,112,2.0,7.256202001536004,1.3771835537259471,3.789971318274356,3.789971318274356,1.0,20.358545429239943,20.358545429239943,9.151772918437091,8.932201954201554,3.628101000768002,20.358545429239943,3.789971318274356,4.5758864592185455
113,113,2.0,7.256202001536004,1.3771835537259471,3.789971318274356,3.789971318274356,1.0,20.358545429239943,20.358545429239943,9.151772918437091,8.932201954201554,3.628101000768002,20.358545429239943,3.789971318274356,4.5758864592185455
114,114,2.0,7.256202001536004,1.3771835537259471,3.789971318274356,3.789971318274356,1.0,20.358545429239943,20.358545429239943,9.151772918437091,8.932201954201554,3.628101000768002,20.358545429239943,3.789971318274356,4.5758864592185455
115,115,2.0,7.256202001536004,1.3771835537259471,3.789971318274356,3.789971318274356,1.0,20.358545429239943,20.358545429239943,9.151772918437091,8.932201954201554,3.628101000768002,20.358545429239943,3.789971318274356,4.5758864592185455
116,116,2.0,7.256202001536004,1.3771835537259471,3.789971318274356,3.789971318274356,1.0,20.358545429239943,20.358545429239943,9.151772918437091,8.932201954201554,3.628101000768002,20.358545429239943,3.789971318274356,4.5758864592185455
117,117,2.0,7.256202001536004,1.3771835537259471,3.789971318274356,3.789971318274356,1.0,20.358545429239943,20.358545429239943,9.151772918437091,8.932201954201554,3.628101000768002,20.358545429239943,3.789971318274356,4.5758864592185455
118,118,2.0,7.256202001536004,1.3771835537259471,3.789971318274356,3.789971318274356,1.0,20.358545429239943,20.358545429239943,9.151772918437091,8.932201954201554,3.628101000768002,20.358545429239943,3.789971318274356,4.5758864592185455
119,119,2.0,7.256202001536004,1.3771835537259471,3.789971318274356,3.789971318274356,1.0,20.358545429239943,20.358545429239943,9.151772918437091,8.932201954201554,3.628101000768002,20.358545429239943,3.789971318274356,4.5758864592185455
120,120,2.0,7.256202001536004,1.3771835537259471,3.789971318274356,3.789971318274356,1.0,20.358545429239943,20.358545429239943,9.151772918437091,8.932201954201554,3.628101000768002,20.358545429239943,3.789971318274356,4.5758864592185455
121,121,2.0,7.256202001536004,1.3771835537259471,3.789971318274356,3.789971318274356,1.0,20.358545429239943,20.358545429239943,9.151772918437091,8.932201954201554,3.628101000768002,20.358545429239943,3.789971318274356,4.5758864592185455
122,122,2.0,7.256202001536004,1.3771835537259471,3.789971318274356,3.789971318274356,1.0,20.358545429239943,20.358545429239943,9.151772918437091,8.932201954201554,3.628101000768002,20.358545429239943,3.789971318274356,4.5758864592185455
123,123,2.0,7.256202001536004,1.3771835537259471,3.789971318274356,3.789971318274356,1.0,20.358545429239943,20.358545429239943,9.151772918437091,8.932201954201554,3.628101000768002,20.358545429239943,3.789971318274356,4.5758864592185455
124,124,2.0,7.256202001536004,1.3771835537259471,3.789971318274356,3.789971318274356,1.0,20.358545429239943,20.358545429239943,9.151772918437091,8.932201954201554,3.628101000768002,20.358545429239943,3.789971318274356,4.5758864592185455
125,125,2.0,7.256202001536004,1.3771835537259471,3.789971318274356,3.789971318274356,1.0,20.358545429239943,20.358545429239943,9.151772918437091,8.932201954201554,3.628101000768002,20.358545429239943,3.789971318274356,4.5758864592185455
126,126,2.0,7.256202001536004,1.3771835537259471,3.789971318274356,3.789971318274356,1.0,20.358545429239943,20.358545429239943,9.151772918437091,8.932201954201554,3.628101000768002,20.358545429239943,3.789971318274356,4.5758864592185455
127,127,2.0,7.256202001536004,1.3771835537259471,3.789971318274356,3.789971318274356,1.0,20.358545429239943,20.358545429239943,9.151772918437091,8.932201954201554,3.628101000768002,20.358545429239943,3.789971318274356,4.5758864592185455
128,128,2.0,7.256202001536004,1.3771835537259471,3.789971318274356,3.789971318274356,1.0,20.358545429239943,20.358545429239943,9.151772918437091,8.932201954201554,3.628101000768002,20.358545429239943,3.789971318274356,4.5758864592185455
129,129,2.0,7.256202001536004,1.3771835537259471,3.789971318274356,3.789971318274356,1.0,20.358545429239943,20.358545429239943,9.151772918437091,8.932201954201554,3.628101000768002,20.358545429239943,3.789971318274356,4.5758864592185455
130,130,2.0,7.256202001536004,1.3771835537259471,3.789971318274356,3.789971318274356,1.0,20.358545429239943,20.358545429239943,9.151772918437091,8.932201954201554,3.628101000768002,20.358545429239943,3.789971318274356,4.5758864592185455
131,131,2.0,7.256202001536004,1.3771835537259471,10.487819130623846,6.69784781234949,2.0,44.29008645681721,23.931541027577268,9.151772918437091,8.932201954201554,3.628101000768002,22.145043228408603,5.243909565311923,4.5758864592185455
132,132,2.0,7.256202001536004,1.3771835537259471,10.487819130623846,6.69784781234949,2.0,44.29008645681721,23.931541027577268,9.151772918437091,8.932201954201554,3.628101000768002,22.145043228408603,5.243909565311923,4.5758864592185455
133,133,2.0,7.256202001536004,1.3771835537259471,10.487819130623846,6.69784781234949,2.0,44.29008645681721,23.931541027577268,9.151772918437091,8.932201954201554,3.628101000768002,22.145043228408603,5.243909565311923,4.5758864592185455
134,134,2.0,7.256202001536004,1.3771835537259471,10.487819130623846,6.69784781234949,2.0,44.29008645681721,23.931541027577268,9.151772918437091,8.932201954201554,3.628101000768002,22.145043228408603,5.243909565311923,4.5758864592185455
135,135,2.0,7.256202001536004,1.3771835537259471,10.487819130623846,6.69784781234949,2.0,44.29008645681721,23.931541027577268,9.151772918437091,8.932201954201554,3.628101000768002,22.145043228408603,5.243909565311923,4.5758864592185455
136,136,2.0,7.256202001536004,1.3771835537259471,10.487819130623846,6.69784781234949,2.0,44.29008645681721,23.931541027577268,9.151772918437091,8.932201954201554,3.628101000768002,22.145043228408603,5.243909565311923,4.5758864592185455
137,137,2.0,7.256202001536004,1.3771835537259471,10.487819130623846,6.69784781234949,2.0,44.29008645681721,23.931541027577268,9.151772918437091,8.932201954201554,3.628101000768002,22.145043228408603,5.243909565311923,4.5758864592185455
138,138,2.0,7.256202001536004,1.3771835537259471,10.487819130623846,6.69784781234949,2.0,44.29008645681721,23.931541027577268,9.151772918437091,8.932201954201554,3.628101000768002,22.145043228408603,5.243909565311923,4.5758864592185455
139,139,2.0,7.256202001536004,1.3771835537259471,10.487819130623846,6.69784781234949,2.0,44.29008645681721,23.931541027577268,9.151772918437091,8.932201954201554,3.628101000768002,22.145043228408603,5.243909565311923,4.5758864592185455
140,140,2.0,7.256202001536004,1.3771835537259471,10.487819130623846,6.69784781234949,2.0,44.29008645681721,23.931541027577268,9.151772918437091,8.932201954201554,3.628101000768002,22.145043228408603,5.243909565311923,4.5758864592185455
141,141,2.0,7.256202001536004,1.3771835537259471,10.487819130623846,6.69784781234949,2.0,44.29008645681721,23.931541027577268,9.151772918437091,8.932201954201554,3.628101000768002,22.145043228408603,5.243909565311923,4.5758864592185455
142,142,2.0,7.256202001536004,1.3771835537259471,10.487819130623846,6.69784781234949,2.0,44.29008645681721,23.931541027577268,9.151772918437091,8.932201954201554,3.628101000768002,22.145043228408603,5.243909565311923,4.5758864592185455
143,143,2.0,7.256202001536004,1.3771835537259471,10.487819130623846,6.69784781234949,2.0,44.29008645681721,23.931541027577268,9.151772918437091,8.932201954201554,3.628101000768002,22.145043228408603,5.243909565311923,4.5758864592185455
144,144,2.0,7.256202001536004,1.3771835537259471,10.487819130623846,6.69784781234949,2.0,44.29008645681721,23.931541027577268,9.151772918437091,8.932201954201554,3.628101000768002,22.145043228408603,5.243909565311923,4.5758864592185455
145,145,2.0,7.256202001536004,1.3771835537259471,10.487819130623846,6.69784781234949,2.0,44.29008645681721,23.931541027577268,9.151772918437091,8.932201954201554,3.628101000768002,22.145043228408603,5.243909565311923,4.5758864592185455
146,146,2.0,7.256202001536004,1.3771835537259471,10.487819130623846,6.69784781234949,2.0,44.29008645681721,23.931541027577268,9.151772918437091,8.932201954201554,3.628101000768002,22.145043228408603,5.243909565311923,4.5758864592185455
147,147,2.0,7.256202001536004,1.3771835537259471,10.487819130623846,6.69784781234949,2.0,44.29008645681721,23.931541027577268,9.151772918437091,8.932201954201554,3.628101000768002,22.145043228408603,5.243909565311923,4.5758864592185455
148,148,2.0,7.256202001536004,1.3771835537259471,10.487819130623846,6.69784781234949,2.0,44.29008645681721,23.931541027577268,9.151772918437091,8.932201954201554,3.628101000768002,22.145043228408603,5.243909565311923,4.5758864592185455
149,149,2.0,7.256202001536004,1.3771835537259471,10.487819130623846,6.69784781234949,2.0,44.29008645681721,23.931541027577268,9.151772918437091,8.932201954201554,3.628101000768002,22.145043228408603,5.243909565311923,4.5758864592185455
150,150,2.0,7.256202001536004,1.3771835537259471,10.487819130623846,6.69784781234949,2.0,44.29008645681721,23.931541027577268,9.151772918437091,8.932201954201554,3.628101000768002,22.145043228408603,5.243909565311923,4.5758864592185455
151,151,2.0,7.256202001536004,1.3771835537259471,10.487819130623846,6.69784781234949,2.0,44.29008645681721,23.931541027577268,9.151772918437091,8.932201954201554,3.628101000768002,22.145043228408603,5.243909565311923,4.5758864592185455
152,152,2.0,7.256202001536004,1.3771835537259471,10.487819130623846,6.69784781234949,2.0,44.29008645681721,23.931541027577268,9.151772918437091,8.932201954201554,3.628101000768002,22.145043228408603,5.243909565311923,4.5758864592185455
153,153,2.0,7.256202001536004,1.3771835537259471,10.487819130623846,6.69784781234949,2.0,44.29008645681721,23.931541027577268,9.151772918437091,8.932201954201554,3.628101000768002,22.145043228408603,5.243909565311923,4.5758864592185455
154,154,2.0,7.256202001536004,1.3771835537259471,10.487819130623846,6.69784781234949,2.0,44.29008645681721,23.931541027577268,9.151772918437091,8.932201954201554,3.628101000768002,22.145043228408603,5.243909565311923,4.5758864592185455
155,155,2.0,7.256202001536004,1.3771835537259471,10.487819130623846,6.69784781234949,2.0,44.29008645681721,23.931541027577268,9.151772918437091,8.932201954201554,3.628101000768002,22.145043228408603,5.243909565311923,4.5758864592185455
156,156,2.0,7.256202001536004,1.3771835537259471,10.487819130623846,6.69784781234949,2.0,44.29008645681721,23.931541027577268,9.151772918437091,8.932201954201554,3.628101000768002,22.145043228408603,5.243909565311923,4.5758864592185455
157,157,2.0,7.256202001536004,1.3771835537259471,10.487819130623846,6.69784781234949,2.0,44.29008645681721,23.931541027577268,9.151772918437091,8.932201954201554,3.628101000768002,22.145043228408603,5.243909565311923,4.5758864592185455
158,158,2.0,7.256202001536004,1.3771835537259471,10.487819130623846,6.69784781234949,2.0,44.29008645681721,23.931541027577268,9.151772918437091,8.932201954201554,3.628101000768002,22.145043228408603,5.243909565311923,4.5758864592185455
159,159,2.0,7.256202001536004,1.3771835537259471,10.487819130623846,6.69784781234949,2.0,44.29008645681721,23.931541027577268,9.151772918437091,8.932201954201554,3.628101000768002,22.145043228408603,5.243909565311923,4.5758864592185455
160,160,2.0,7.256202001536004,1.3771835537259471,10.487819130623846,6.69784781234949,2.0,44.29008645681721,23.931541027577268,9.151772918437091,8.932201954201554,3.628101000768002,22.145043228408603,5.243909565311923,4.5758864592185455
161,161,2.0,7.256202001536004,1.3771835537259471,10.487819130623846,6.69784781234949,2.0,44.29008645681721,23.931541027577268,9.151772918437091,8.932201954201554,3.628101000768002,22.145043228408603,5.243909565311923,4.5758864592185455
162,162,2.0,7.256202001536004,1.3771835537259471,10.487819130623846,6.69784781234949,2.0,44.29008645681721,23.931541027577268,9.151772918437091,8.932201954201554,3.628101000768002,22.145043228408603,5.243909565311923,4.5758864592185455
163,163,2.0,7.256202001536004,1.3771835537259471,10.487819130623846,6.69784781234949,2.0,44.29008645681721,23.931541027577268,9.151772918437091,8.932201954201554,3.628101000768002,22.145043228408603,5.243909565311923,4.5758864592185455
164,164,2.0,7.256202001536004,1.3771835537259471,10.487819130623846,6.69784781234949,2.0,44.29008645681721,23.931541027577268,9.151772918437091,8.932201954201554,3.628101000768002,22.145043228408603,5.243909565311923,4.5758864592185455
165,165,2.0,7.256202001536004,1.3771835537259471,10.487819130623846,6.69784781234949,2.0,44.29008645681721,23.931541027577268,9.151772918437091,8.932201954201554,3.628101000768002,22.145043228408603,5.243909565311923,4.5758864592185455
166,166,2.0,7.256202001536004,1.3771835537259471,10.487819130623846,6.69784781234949,2.0,44.29008645681721,23.931541027577268,9.151772918437091,8.932201954201554,3.628101000768002,22.145043228408603,5.243909565311923,4.5758864592185455
167,167,2.0,7.256202001536004,1.3771835537259471,10.487819130623846,6.69784781234949,2.0,44.29008645681721,23.931541027577268,9.151772918437091,8.932201954201554,3.628101000768002,22.145043228408603,5.243909565311923,4.5758864592185455
168,168,2.0,7.256202001536004,1.3771835537259471,10.487819130623846,6.69784781234949,2.0,44.29008645681721,23.931541027577268,9.151772918437091,8.932201954201554,3.628101000768002,22.145043228408603,5.243909565311923,4.5758864592185455
169,169,2.0,7.256202001536004,1.3771835537259471,10.487819130623846,6.69784781234949,2.0,44.29008645681721,23.931541027577268,9.151772918437091,8.932201954201554,3.628101000768002,22.145043228408603,5.243909565311923,4.5758864592185455
170,170,2.0,7.256202001536004,1.3771835537259471,10.487819130623846,6.69784781234949,2.0,44.29008645681721,23.931541027577268,9.151772918437091,8.932201954201554,3.628101000768002,22.145043228408603,5.243909565311923,4.5758864592185455
171,171,2.0,7.256202001536004,1.3771835537259471,10.487819130623846,6.69784781234949,2.0,44.29008645681721,23.931541027577268,9.151772918437091,8.932201954201554,3.628101000768002,22.145043228408603,5.243909565311923,4.5758864592185455
172,172,2.0,7.256202001536004,1.3771835537259471,10.487819130623846,6.69784781234949,2.0,44.29008645681721,23.931541027577268,9.151772918437091,8.932201954201554,3.628101000768002,22.145043228408603,5.243909565311923,4.5758864592185455
173,173,2.0,7.256202001536004,1.3771835537259471,10.487819130623846,6.69784781234949,2.0,44.29008645681721,23.931541027577268,9.151772918437091,8.932201954201554,3.628101000768002,22.145043228408603,5.243909565311923,4.5758864592185455
174,174,2.0,7.256202001536004,1.3771835537259471,10.487819130623846,6.69784781234949,2.0,44.29008645681721,23.931541027577268,9.151772918437091,8.932201954201554,3.628101000768002,22.145043228408603,5.243909565311923,4.5758864592185455
175,175,2.0,7.256202001536004,1.3771835537259471,10.487819130623846,6.69784781234949,2.0,44.29008645681721,23.931541027577268,9.151772918437091,8.932201954201554,3.628101000768002,22.145043228408603,5.243909565311923,4.5758864592185455
176,176,2.0,7.256202001536004,1.3771835537259471,10.487819130623846,6.69784781234949,2.0,44.29008645681721,23.931541027577268,9.151772918437091,8.932201954201554,3.628101000768002,22.145043228408603,5.243909565311923,4.5758864592185455
177,177,2.0,7.256202001536004,1.3771835537259471,10.487819130623846,6.69784781234949,2.0,44.29008645681721,23.931541027577268,9.151772918437091,8.932201954201554,3.628101000768002,22.145043228408603,5.243909565311923,4.5758864592185455
178,178,2.0,7.256202001536004,1.3771835537259471,10.487819130623846,6.69784781234949,2.0,44.29008645681721,23.931541027577268,9.151772918437091,8.932201954201554,3.628101000768002,22.145043228408603,5.243909565311923,4.5758864592185455
179,179,2.0,7.256202001536004,1.3771835537259471,10.487819130623846,6.69784781234949,2.0,44.29008645681721,23.931541027577268,9.151772918437091,8.932201954201554,3.628101000768002,22.145043228408603,5.243909565311923,4.5758864592185455
180,180,2.0,7.256202001536004,1.3771835537259471,10.487819130623846,6.69784781234949,2.0,44.29008645681721,23.931541027577268,9.151772918437091,8.932201954201554,3.628101000768002,22.145043228408603,5.243909565311923,4.5758864592185455
181,181,2.0,7.256202001536004,1.3771835537259471,10.487819130623846,6.69784781234949,2.0,44.29008645681721,23.931541027577268,9.151772918437091,8.932201954201554,3.628101000768002,22.145043228408603,5.243909565311923,4.5758864592185455
182,182,2.0,7.256202001536004,1.3771835537259471,10.487819130623846,6.69784781234949,2.0,44.29008645681721,23.931541027577268,9.151772918437091,8.932201954201554,3.628101000768002,22.145043228408603,5.243909565311923,4.5758864592185455
183,183,2.0,7.256202001536004,1.3771835537259471,10.487819130623846,6.69784781234949,2.0,44.29008645681721,23.931541027577268,9.151772918437091,8.932201954201554,3.628101000768002,22.145043228408603,5.243909565311923,4.5758864592185455
184,184,2.0,7.256202001536004,1.3771835537259471,10.487819130623846,6.69784781234949,2.0,44.29008645681721,23.931541027577268,9.151772918437091,8.932201954201554,3.628101000768002,22.145043228408603,5.243909565311923,4.5758864592185455
185,185,2.0,7.256202001536004,1.3771835537259471,10.487819130623846,6.69784781234949,2.0,44.29008645681721,23.931541027577268,9.151772918437091,8.932201954201554,3.628101000768002,22.145043228408603,5.243909565311923,4.5758864592185455
186,186,2.0,7.256202001536004,1.3771835537259471,10.487819130623846,6.69784781234949,2.0,44.29008645681721,23.931541027577268,9.151772918437091,8.932201954201554,3.628101000768002,22.145043228408603,5.243909565311923,4.5758864592185455
187,187,2.0,7.256202001536004,1.3771835537259471,10.487819130623846,6.69784781234949,2.0,44.29008645681721,23.931541027577268,9.151772918437091,8.932201954201554,3.628101000768002,22.145043228408603,5.243909565311923,4.5758864592185455
188,188,2.0,7.256202001536004,1.3771835537259471,10.487819130623846,6.69784781234949,2.0,44.29008645681721,23.931541027577268,9.151772918437091,8.932201954201554,3.628101000768002,22.145043228408603,5.243909565311923,4.5758864592185455
189,189,2.0,7.256202001536004,1.3771835537259471,10.487819130623846,6.69784781234949,2.0,44.29008645681721,23.931541027577268,9.151772918437091,8.932201954201554,3.628101000768002,22.145043228408603,5.243909565311923,4.5758864592185455
190,190,2.0,7.256202001536004,1.3771835537259471,10.487819130623846,6.69784781234949,2.0,44.29008645681721,23.931541027577268,9.151772918437091,8.932201954201554,3.628101000768002,22.145043228408603,5.243909565311923,4.5758864592185455
191,191,2.0,7.256202001536004,1.3771835537259471,10.487819130623846,6.69784781234949,2.0,44.29008645681721,23.931541027577268,9.151772918437091,8.932201954201554,3.628101000768002,22.145043228408603,5.243909565311923,4.5758864592185455
192,192,2.0,7.256202001536004,1.3771835537259471,10.487819130623846,6.69784781234949,2.0,44.29008645681721,23.931541027577268,9.151772918437091,8.932201954201554,3.628101000768002,22.145043228408603,5.243909565311923,4.5758864592185455
193,193,2.0,7.256202001536004,1.3771835537259471,10.487819130623846,6.69784781234949,2.0,44.29008645681721,23.931541027577268,9.151772918437091,8.932201954201554,3.628101000768002,22.145043228408603,5.243909565311923,4.5758864592185455
194,194,2.0,7.256202001536004,1.3771835537259471,10.487819130623846,6.69784781234949,2.0,44.29008645681721,23.931541027577268,9.151772918437091,8.932201954201554,3.628101000768002,22.145043228408603,5.243909565311923,4.5758864592185455
195,195,2.0,7.256202001536004,1.3771835537259471,10.487819130623846,6.69784781234949,2.0,44.29008645681721,23.931541027577268,9.151772918437091,8.932201954201554,3.628101000768002,22.145043228408603,5.243909565311923,4.5758864592185455
196,196,2.0,7.256202001536004,1.3771835537259471,10.487819130623846,6.69784781234949,2.0,44.29008645681721,23.931541027577268,9.151772918437091,8.932201954201554,3.628101000768002,22.145043228408603,5.243909565311923,4.5758864592185455
197,197,2.0,7.256202001536004,1.3771835537259471,10.487819130623846,6.69784781234949,2.0,44.29008645681721,23.931541027577268,9.151772918437091,8.932201954201554,3.628101000768002,22.145043228408603,5.243909565311923,4.5758864592185455
198,198,2.0,7.256202001536004,1.3771835537259471,10.487819130623846,6.69784781234949,2.0,44.29008645681721,23.931541027577268,9.151772918437091,8.932201954201554,3.628101000768002,22.145043228408603,5.243909565311923,4.5758864592185455
199,199,2.0,7.256202001536004,1.3771835537259471,10.487819130623846,6.69784781234949,2.0,44.29008645681721,23.931541027577268,9.151772918437091,8.932201954201554,3.628101000768002,22.145043228408603,5.243909565311923,4.5758864592185455
200,200,2.0,7.256202001536004,1.3771835537259471,10.487819130623846,6.69784781234949,2.0,44.29008645681721,23.931541027577268,9.151772918437091,8.932201954201554,3.628101000768002,22.145043228408603,5.243909565311923,4.5758864592185455
201,201,2.0,7.256202001536004,1.3771835537259471,10.487819130623846,6.69784781234949,2.0,44.29008645681721,23.931541027577268,9.151772918437091,8.932201954201554,3.628101000768002,22.145043228408603,5.243909565311923,4.5758864592185455
202,202,2.0,7.256202001536004,1.3771835537259471,10.487819130623846,6.69784781234949,2.0,44.29008645681721,23.931541027577268,9.151772918437091,8.932201954201554,3.628101000768002,22.145043228408603,5.243909565311923,4.5758864592185455
203,203,2.0,7.256202001536004,1.3771835537259471,10.487819130623846,6.69784781234949,2.0,44.29008645681721,23.931541027577268,9.151772918437091,8.932201954201554,3.628101000768002,22.145043228408603,5.243909565311923,4.5758864592185455
204,204,2.0,7.256202001536004,1.3771835537259471,10.487819130623846,6.69784781234949,2.0,44.29008645681721,23.931541027577268,9.151772918437091,8.932201954201554,3.628101000768002,22.145043228408603,5.243909565311923,4.5758864592185455
205,205,2.0,7.256202001536004,1.3771835537259471,10.487819130623846,6.69784781234949,2.0,44.29008645681721,23.931541027577268,9.151772918437091,8.932201954201554,3.628101000768002,22.145043228408603,5.243909565311923,4.5758864592185455
206,206,2.0,7.256202001536004,1.3771835537259471,10.487819130623846,6.69784781234949,2.0,44.29008645681721,23.931541027577268,9.151772918437091,8.932201954201554,3.628101000768002,22.145043228408603,5.243909565311923,4.5758864592185455
207,207,2.0,7.256202001536004,1.3771835537259471,10.487819130623846,6.69784781234949,2.0,44.29008645681721,23.931541027577268,9.151772918437091,8.932201954201554,3.628101000768002,22.145043228408603,5.243909565311923,4.5758864592185455
208,208,2.0,7.256202001536004,1.3771835537259471,10.487819130623846,6.69784781234949,2.0,44.29008645681721,23.931541027577268,9.151772918437091,8.932201954201554,3.628101000768002,22.145043228408603,5.243909565311923,4.5758864592185455
209,209,2.0,7.256202001536004,1.3771835537259471,10.487819130623846,6.69784781234949,2.0,44.29008645681721,23.931541027577268,9.151772918437091,8.932201954201554,3.628101000768002,22.145043228408603,5.243909565311923,4.5758864592185455
210,210,2.0,7.256202001536004,1.3771835537259471,10.487819130623846,6.69784781234949,2.0,44.29008645681721,23.931541027577268,9.151772918437091,8.932201954201554,3.628101000768002,22.145043228408603,5.243909565311923,4.5758864592185455
211,211,2.0,7.256202001536004,1.3771835537259471,10.487819130623846,6.69784781234949,2.0,44.29008645681721,23.931541027577268,9.151772918437091,8.932201954201554,3.628101000768002,22.145043228408603,5.243909565311923,4.5758864592185455
212,212,2.0,7.256202001536004,1.3771835537259471,10.487819130623846,6.69784781234949,2.0,44.29008645681721,23.931541027577268,9.151772918437091,8.932201954201554,3.628101000768002,22.145043228408603,5.243909565311923,4.5758864592185455
213,213,2.0,7.256202001536004,1.3771835537259471,10.487819130623846,6.69784781234949,2.0,44.29008645681721,23.931541027577268,9.151772918437091,8.932201954201554,3.628101000768002,22.145043228408603,5.243909565311923,4.5758864592185455
